servicio-pagos  | 
servicio-pagos  |   .   ____          _            __ _ _
servicio-pagos  |  /\\ / ___'_ __ _ _(_)_ __  __ _ \ \ \ \
servicio-pagos  | ( ( )\___ | '_ | '_| | '_ \/ _` | \ \ \ \
servicio-pagos  |  \\/  ___)| |_)| | | | | || (_| |  ) ) ) )
servicio-pagos  |   '  |____| .__|_| |_|_| |_\__, | / / / /
servicio-pagos  |  =========|_|==============|___/=/_/_/_/
servicio-pagos  | 
servicio-pagos  |  :: Spring Boot ::                (v4.0.6)
servicio-pagos  | 
servicio-pagos  | 2026-06-07T11:38:27.777Z  INFO 1 --- [servicio-pagos] [           main] c.g.pagos.ServicioPagosApplication       : Starting ServicioPagosApplication v0.0.1-SNAPSHOT using Java 21.0.11 with PID 1 (/app/app.jar started by root in /app)
servicio-pagos  | 2026-06-07T11:38:27.832Z  INFO 1 --- [servicio-pagos] [           main] c.g.pagos.ServicioPagosApplication       : No active profile set, falling back to 1 default profile: "default"
servicio-pagos  | 2026-06-07T11:38:36.214Z  INFO 1 --- [servicio-pagos] [           main] .s.d.r.c.RepositoryConfigurationDelegate : Bootstrapping Spring Data JPA repositories in DEFAULT mode.
servicio-pagos  | 2026-06-07T11:38:37.262Z  INFO 1 --- [servicio-pagos] [           main] .s.d.r.c.RepositoryConfigurationDelegate : Finished Spring Data repository scanning in 1007 ms. Found 1 JPA repository interface.
servicio-pagos  | 2026-06-07T11:38:40.531Z  INFO 1 --- [servicio-pagos] [           main] o.s.cloud.context.scope.GenericScope     : BeanFactory id=43f1ac18-2cf2-384f-b3d2-b805f0b3adba
servicio-pagos  | 2026-06-07T11:38:44.348Z  INFO 1 --- [servicio-pagos] [           main] o.s.boot.tomcat.TomcatWebServer          : Tomcat initialized with port 8085 (http)
servicio-pagos  | 2026-06-07T11:38:44.472Z  INFO 1 --- [servicio-pagos] [           main] o.apache.catalina.core.StandardService   : Starting service [Tomcat]
servicio-pagos  | 2026-06-07T11:38:44.503Z  INFO 1 --- [servicio-pagos] [           main] o.apache.catalina.core.StandardEngine    : Starting Servlet engine: [Apache Tomcat/11.0.21]
servicio-pagos  | 2026-06-07T11:38:44.921Z  INFO 1 --- [servicio-pagos] [           main] b.w.c.s.WebApplicationContextInitializer : Root WebApplicationContext: initialization completed in 16487 ms
servicio-pagos  | 2026-06-07T11:38:47.222Z  INFO 1 --- [servicio-pagos] [           main] org.hibernate.orm.jpa                    : HHH008540: Processing PersistenceUnitInfo [name: default]
servicio-pagos  | 2026-06-07T11:38:47.325Z  INFO 1 --- [servicio-pagos] [           main] org.hibernate.orm.core                   : HHH000001: Hibernate ORM core version 7.2.12.Final
servicio-pagos  | 2026-06-07T11:38:50.251Z  INFO 1 --- [servicio-pagos] [           main] o.s.o.j.p.SpringPersistenceUnitInfo      : No LoadTimeWeaver setup: ignoring JPA class transformer
servicio-pagos  | 2026-06-07T11:38:50.406Z  INFO 1 --- [servicio-pagos] [           main] com.zaxxer.hikari.HikariDataSource       : HikariPool-1 - Starting...
servicio-pagos  | 2026-06-07T11:38:52.053Z  WARN 1 --- [servicio-pagos] [           main] org.hibernate.orm.jdbc.error             : HHH000247: ErrorCode: 0, SQLState: 08S01
servicio-pagos  | 2026-06-07T11:38:52.055Z  WARN 1 --- [servicio-pagos] [           main] org.hibernate.orm.jdbc.error             : Communications link failure
servicio-pagos  | 
servicio-pagos  | The last packet sent successfully to the server was 0 milliseconds ago. The driver has not received any packets from the server.
servicio-pagos  | 2026-06-07T11:38:52.066Z  WARN 1 --- [servicio-pagos] [           main] org.hibernate.orm.jdbc                   : HHH100046: Could not obtain connection to query JDBC database metadata
servicio-pagos  | 
servicio-pagos  | org.hibernate.exception.JDBCConnectionException: Unable to obtain isolated JDBC connection [Communications link failure
servicio-pagos  | 
servicio-pagos  | The last packet sent successfully to the server was 0 milliseconds ago. The driver has not received any packets from the server.] [n/a]
servicio-pagos  | 	at org.hibernate.exception.internal.SQLStateConversionDelegate.convert(SQLStateConversionDelegate.java:80) ~[hibernate-core-7.2.12.Final.jar!/:7.2.12.Final]
servicio-pagos  | 	at org.hibernate.exception.internal.StandardSQLExceptionConverter.convert(StandardSQLExceptionConverter.java:34) ~[hibernate-core-7.2.12.Final.jar!/:7.2.12.Final]
servicio-pagos  | 	at org.hibernate.engine.jdbc.spi.SqlExceptionHelper.convert(SqlExceptionHelper.java:115) ~[hibernate-core-7.2.12.Final.jar!/:7.2.12.Final]
servicio-pagos  | 	at org.hibernate.engine.jdbc.spi.SqlExceptionHelper.convert(SqlExceptionHelper.java:101) ~[hibernate-core-7.2.12.Final.jar!/:7.2.12.Final]
servicio-pagos  | 	at org.hibernate.resource.transaction.backend.jdbc.internal.JdbcIsolationDelegate.delegateWork(JdbcIsolationDelegate.java:51) ~[hibernate-core-7.2.12.Final.jar!/:7.2.12.Final]
servicio-pagos  | 	at org.hibernate.engine.jdbc.env.internal.JdbcEnvironmentInitiator.getJdbcEnvironmentUsingJdbcMetadata(JdbcEnvironmentInitiator.java:366) ~[hibernate-core-7.2.12.Final.jar!/:7.2.12.Final]
servicio-pagos  | 	at org.hibernate.engine.jdbc.env.internal.JdbcEnvironmentInitiator.getJdbcEnvironment(JdbcEnvironmentInitiator.java:143) ~[hibernate-core-7.2.12.Final.jar!/:7.2.12.Final]
servicio-pagos  | 	at org.hibernate.engine.jdbc.env.internal.JdbcEnvironmentInitiator.initiateService(JdbcEnvironmentInitiator.java:120) ~[hibernate-core-7.2.12.Final.jar!/:7.2.12.Final]
servicio-pagos  | 	at org.hibernate.engine.jdbc.env.internal.JdbcEnvironmentInitiator.initiateService(JdbcEnvironmentInitiator.java:80) ~[hibernate-core-7.2.12.Final.jar!/:7.2.12.Final]
servicio-pagos  | 	at org.hibernate.boot.registry.internal.StandardServiceRegistryImpl.initiateService(StandardServiceRegistryImpl.java:133) ~[hibernate-core-7.2.12.Final.jar!/:7.2.12.Final]
servicio-pagos  | 	at org.hibernate.service.internal.AbstractServiceRegistryImpl.createService(AbstractServiceRegistryImpl.java:260) ~[hibernate-core-7.2.12.Final.jar!/:7.2.12.Final]
servicio-pagos  | 	at org.hibernate.service.internal.AbstractServiceRegistryImpl.initializeService(AbstractServiceRegistryImpl.java:235) ~[hibernate-core-7.2.12.Final.jar!/:7.2.12.Final]
servicio-pagos  | 	at org.hibernate.service.internal.AbstractServiceRegistryImpl.getService(AbstractServiceRegistryImpl.java:212) ~[hibernate-core-7.2.12.Final.jar!/:7.2.12.Final]
servicio-pagos  | 	at org.hibernate.boot.model.relational.Database.<init>(Database.java:44) ~[hibernate-core-7.2.12.Final.jar!/:7.2.12.Final]
servicio-pagos  | 	at org.hibernate.boot.internal.InFlightMetadataCollectorImpl.getDatabase(InFlightMetadataCollectorImpl.java:251) ~[hibernate-core-7.2.12.Final.jar!/:7.2.12.Final]
servicio-pagos  | 	at org.hibernate.boot.internal.InFlightMetadataCollectorImpl.<init>(InFlightMetadataCollectorImpl.java:203) ~[hibernate-core-7.2.12.Final.jar!/:7.2.12.Final]
servicio-pagos  | 	at org.hibernate.boot.model.process.spi.MetadataBuildingProcess.complete(MetadataBuildingProcess.java:172) ~[hibernate-core-7.2.12.Final.jar!/:7.2.12.Final]
servicio-pagos  | 	at org.hibernate.jpa.boot.internal.EntityManagerFactoryBuilderImpl.metadata(EntityManagerFactoryBuilderImpl.java:1392) ~[hibernate-core-7.2.12.Final.jar!/:7.2.12.Final]
servicio-pagos  | 	at org.hibernate.jpa.boot.internal.EntityManagerFactoryBuilderImpl.populateSessionFactoryBuilder(EntityManagerFactoryBuilderImpl.java:1472) ~[hibernate-core-7.2.12.Final.jar!/:7.2.12.Final]
servicio-pagos  | 	at org.hibernate.jpa.boot.internal.EntityManagerFactoryBuilderImpl.build(EntityManagerFactoryBuilderImpl.java:1454) ~[hibernate-core-7.2.12.Final.jar!/:7.2.12.Final]
servicio-pagos  | 	at org.springframework.orm.jpa.vendor.SpringHibernateJpaPersistenceProvider.createContainerEntityManagerFactory(SpringHibernateJpaPersistenceProvider.java:93) ~[spring-orm-7.0.7.jar!/:7.0.7]
servicio-pagos  | 	at org.springframework.orm.jpa.LocalContainerEntityManagerFactoryBean.createNativeEntityManagerFactory(LocalContainerEntityManagerFactoryBean.java:443) ~[spring-orm-7.0.7.jar!/:7.0.7]
servicio-pagos  | 	at org.springframework.orm.jpa.AbstractEntityManagerFactoryBean.buildNativeEntityManagerFactory(AbstractEntityManagerFactoryBean.java:436) ~[spring-orm-7.0.7.jar!/:7.0.7]
servicio-pagos  | 	at org.springframework.orm.jpa.AbstractEntityManagerFactoryBean.afterPropertiesSet(AbstractEntityManagerFactoryBean.java:411) ~[spring-orm-7.0.7.jar!/:7.0.7]
servicio-pagos  | 	at org.springframework.orm.jpa.LocalContainerEntityManagerFactoryBean.afterPropertiesSet(LocalContainerEntityManagerFactoryBean.java:419) ~[spring-orm-7.0.7.jar!/:7.0.7]
servicio-pagos  | 	at org.springframework.beans.factory.support.AbstractAutowireCapableBeanFactory.invokeInitMethods(AbstractAutowireCapableBeanFactory.java:1864) ~[spring-beans-7.0.7.jar!/:7.0.7]
servicio-pagos  | 	at org.springframework.beans.factory.support.AbstractAutowireCapableBeanFactory.initializeBean(AbstractAutowireCapableBeanFactory.java:1813) ~[spring-beans-7.0.7.jar!/:7.0.7]
servicio-pagos  | 	at org.springframework.beans.factory.support.AbstractAutowireCapableBeanFactory.doCreateBean(AbstractAutowireCapableBeanFactory.java:603) ~[spring-beans-7.0.7.jar!/:7.0.7]
servicio-pagos  | 	at org.springframework.beans.factory.support.AbstractAutowireCapableBeanFactory.createBean(AbstractAutowireCapableBeanFactory.java:525) ~[spring-beans-7.0.7.jar!/:7.0.7]
servicio-pagos  | 	at org.springframework.beans.factory.support.AbstractBeanFactory.lambda$doGetBean$0(AbstractBeanFactory.java:333) ~[spring-beans-7.0.7.jar!/:7.0.7]
servicio-pagos  | 	at org.springframework.beans.factory.support.DefaultSingletonBeanRegistry.getSingleton(DefaultSingletonBeanRegistry.java:371) ~[spring-beans-7.0.7.jar!/:7.0.7]
servicio-pagos  | 	at org.springframework.beans.factory.support.AbstractBeanFactory.doGetBean(AbstractBeanFactory.java:331) ~[spring-beans-7.0.7.jar!/:7.0.7]
servicio-pagos  | 	at org.springframework.beans.factory.support.AbstractBeanFactory.getBean(AbstractBeanFactory.java:201) ~[spring-beans-7.0.7.jar!/:7.0.7]
servicio-pagos  | 	at org.springframework.context.support.AbstractApplicationContext.finishBeanFactoryInitialization(AbstractApplicationContext.java:977) ~[spring-context-7.0.7.jar!/:7.0.7]
servicio-pagos  | 	at org.springframework.context.support.AbstractApplicationContext.refresh(AbstractApplicationContext.java:621) ~[spring-context-7.0.7.jar!/:7.0.7]
servicio-pagos  | 	at org.springframework.boot.web.server.servlet.context.ServletWebServerApplicationContext.refresh(ServletWebServerApplicationContext.java:143) ~[spring-boot-web-server-4.0.6.jar!/:4.0.6]
servicio-pagos  | 	at org.springframework.boot.SpringApplication.refresh(SpringApplication.java:756) ~[spring-boot-4.0.6.jar!/:4.0.6]
servicio-pagos  | 	at org.springframework.boot.SpringApplication.refreshContext(SpringApplication.java:445) ~[spring-boot-4.0.6.jar!/:4.0.6]
servicio-pagos  | 	at org.springframework.boot.SpringApplication.run(SpringApplication.java:321) ~[spring-boot-4.0.6.jar!/:4.0.6]
servicio-pagos  | 	at org.springframework.boot.SpringApplication.run(SpringApplication.java:1365) ~[spring-boot-4.0.6.jar!/:4.0.6]
servicio-pagos  | 	at org.springframework.boot.SpringApplication.run(SpringApplication.java:1354) ~[spring-boot-4.0.6.jar!/:4.0.6]
servicio-pagos  | 	at cl.gimnasio.pagos.ServicioPagosApplication.main(ServicioPagosApplication.java:12) ~[!/:0.0.1-SNAPSHOT]
servicio-pagos  | 	at java.base/jdk.internal.reflect.DirectMethodHandleAccessor.invoke(DirectMethodHandleAccessor.java:103) ~[na:na]
servicio-pagos  | 	at java.base/java.lang.reflect.Method.invoke(Method.java:580) ~[na:na]
servicio-pagos  | 	at org.springframework.boot.loader.launch.Launcher.launch(Launcher.java:106) ~[app.jar:0.0.1-SNAPSHOT]
servicio-pagos  | 	at org.springframework.boot.loader.launch.Launcher.launch(Launcher.java:64) ~[app.jar:0.0.1-SNAPSHOT]
servicio-pagos  | 	at org.springframework.boot.loader.launch.JarLauncher.main(JarLauncher.java:40) ~[app.jar:0.0.1-SNAPSHOT]
servicio-pagos  | Caused by: com.mysql.cj.jdbc.exceptions.CommunicationsException: Communications link failure
servicio-pagos  | 
servicio-pagos  | The last packet sent successfully to the server was 0 milliseconds ago. The driver has not received any packets from the server.
servicio-pagos  | 	at com.mysql.cj.jdbc.exceptions.SQLError.createCommunicationsException(SQLError.java:165) ~[mysql-connector-j-9.7.0.jar!/:9.7.0]
servicio-pagos  | 	at com.mysql.cj.jdbc.exceptions.SQLExceptionsMapping.translateException(SQLExceptionsMapping.java:55) ~[mysql-connector-j-9.7.0.jar!/:9.7.0]
servicio-pagos  | 	at com.mysql.cj.jdbc.ConnectionImpl.createNewIO(ConnectionImpl.java:840) ~[mysql-connector-j-9.7.0.jar!/:9.7.0]
servicio-pagos  | 	at com.mysql.cj.jdbc.ConnectionImpl.<init>(ConnectionImpl.java:416) ~[mysql-connector-j-9.7.0.jar!/:9.7.0]
servicio-pagos  | 	at com.mysql.cj.jdbc.ConnectionImpl.getInstance(ConnectionImpl.java:237) ~[mysql-connector-j-9.7.0.jar!/:9.7.0]
servicio-pagos  | 	at com.mysql.cj.jdbc.NonRegisteringDriver.connect(NonRegisteringDriver.java:180) ~[mysql-connector-j-9.7.0.jar!/:9.7.0]
servicio-pagos  | 	at com.zaxxer.hikari.util.DriverDataSource.getConnection(DriverDataSource.java:144) ~[HikariCP-7.0.2.jar!/:na]
servicio-pagos  | 	at com.zaxxer.hikari.pool.PoolBase.newConnection(PoolBase.java:373) ~[HikariCP-7.0.2.jar!/:na]
servicio-pagos  | 	at com.zaxxer.hikari.pool.PoolBase.newPoolEntry(PoolBase.java:210) ~[HikariCP-7.0.2.jar!/:na]
servicio-pagos  | 	at com.zaxxer.hikari.pool.HikariPool.createPoolEntry(HikariPool.java:488) ~[HikariCP-7.0.2.jar!/:na]
servicio-pagos  | 	at com.zaxxer.hikari.pool.HikariPool.checkFailFast(HikariPool.java:576) ~[HikariCP-7.0.2.jar!/:na]
servicio-pagos  | 	at com.zaxxer.hikari.pool.HikariPool.<init>(HikariPool.java:97) ~[HikariCP-7.0.2.jar!/:na]
servicio-pagos  | 	at com.zaxxer.hikari.HikariDataSource.getConnection(HikariDataSource.java:111) ~[HikariCP-7.0.2.jar!/:na]
servicio-pagos  | 	at org.hibernate.engine.jdbc.connections.internal.DataSourceConnectionProvider.getConnection(DataSourceConnectionProvider.java:137) ~[hibernate-core-7.2.12.Final.jar!/:7.2.12.Final]
servicio-pagos  | 	at org.hibernate.engine.jdbc.env.internal.JdbcEnvironmentInitiator$ConnectionProviderJdbcConnectionAccess.obtainConnection(JdbcEnvironmentInitiator.java:508) ~[hibernate-core-7.2.12.Final.jar!/:7.2.12.Final]
servicio-pagos  | 	at org.hibernate.resource.transaction.backend.jdbc.internal.JdbcIsolationDelegate.delegateWork(JdbcIsolationDelegate.java:48) ~[hibernate-core-7.2.12.Final.jar!/:7.2.12.Final]
servicio-pagos  | 	... 42 common frames omitted
servicio-pagos  | Caused by: com.mysql.cj.exceptions.CJCommunicationsException: Communications link failure
servicio-pagos  | 
servicio-pagos  | The last packet sent successfully to the server was 0 milliseconds ago. The driver has not received any packets from the server.
servicio-pagos  | 	at java.base/jdk.internal.reflect.DirectConstructorHandleAccessor.newInstance(DirectConstructorHandleAccessor.java:62) ~[na:na]
servicio-pagos  | 	at java.base/java.lang.reflect.Constructor.newInstanceWithCaller(Constructor.java:502) ~[na:na]
servicio-pagos  | 	at java.base/java.lang.reflect.Constructor.newInstance(Constructor.java:486) ~[na:na]
servicio-pagos  | 	at com.mysql.cj.exceptions.ExceptionFactory.createException(ExceptionFactory.java:52) ~[mysql-connector-j-9.7.0.jar!/:9.7.0]
servicio-pagos  | 	at com.mysql.cj.exceptions.ExceptionFactory.createException(ExceptionFactory.java:95) ~[mysql-connector-j-9.7.0.jar!/:9.7.0]
servicio-pagos  | 	at com.mysql.cj.exceptions.ExceptionFactory.createException(ExceptionFactory.java:140) ~[mysql-connector-j-9.7.0.jar!/:9.7.0]
servicio-pagos  | 	at com.mysql.cj.exceptions.ExceptionFactory.createCommunicationsException(ExceptionFactory.java:156) ~[mysql-connector-j-9.7.0.jar!/:9.7.0]
servicio-pagos  | 	at com.mysql.cj.protocol.a.NativeSocketConnection.connect(NativeSocketConnection.java:79) ~[mysql-connector-j-9.7.0.jar!/:9.7.0]
servicio-pagos  | 	at com.mysql.cj.NativeSession.connect(NativeSession.java:142) ~[mysql-connector-j-9.7.0.jar!/:9.7.0]
servicio-pagos  | 	at com.mysql.cj.jdbc.ConnectionImpl.connectOneTryOnly(ConnectionImpl.java:964) ~[mysql-connector-j-9.7.0.jar!/:9.7.0]
servicio-pagos  | 	at com.mysql.cj.jdbc.ConnectionImpl.createNewIO(ConnectionImpl.java:828) ~[mysql-connector-j-9.7.0.jar!/:9.7.0]
servicio-pagos  | 	... 55 common frames omitted
servicio-pagos  | Caused by: java.net.ConnectException: Connection refused
servicio-pagos  | 	at java.base/sun.nio.ch.Net.pollConnect(Native Method) ~[na:na]
servicio-pagos  | 	at java.base/sun.nio.ch.Net.pollConnectNow(Net.java:694) ~[na:na]
servicio-pagos  | 	at java.base/sun.nio.ch.NioSocketImpl.timedFinishConnect(NioSocketImpl.java:542) ~[na:na]
servicio-pagos  | 	at java.base/sun.nio.ch.NioSocketImpl.connect(NioSocketImpl.java:592) ~[na:na]
servicio-pagos  | 	at java.base/java.net.SocksSocketImpl.connect(SocksSocketImpl.java:327) ~[na:na]
servicio-pagos  | 	at java.base/java.net.Socket.connect(Socket.java:751) ~[na:na]
servicio-pagos  | 	at com.mysql.cj.protocol.StandardSocketFactory.connect(StandardSocketFactory.java:144) ~[mysql-connector-j-9.7.0.jar!/:9.7.0]
servicio-pagos  | 	at com.mysql.cj.protocol.a.NativeSocketConnection.connect(NativeSocketConnection.java:53) ~[mysql-connector-j-9.7.0.jar!/:9.7.0]
servicio-pagos  | 	... 58 common frames omitted
servicio-pagos  | 
servicio-pagos  | 2026-06-07T11:38:52.116Z  WARN 1 --- [servicio-pagos] [           main] org.hibernate.orm.deprecation            : HHH90000025: MySQLDialect does not need to be specified explicitly using 'hibernate.dialect' (remove the property setting and it will be selected by default)
servicio-pagos  | 2026-06-07T11:38:52.148Z  INFO 1 --- [servicio-pagos] [           main] org.hibernate.orm.connections.pooling    : HHH10001005: Database info:
servicio-pagos  | 	Database JDBC URL [undefined/unknown]
servicio-pagos  | 	Database driver: undefined/unknown
servicio-pagos  | 	Database dialect: MySQLDialect
servicio-pagos  | 	Database version: 8.0
servicio-pagos  | 	Default catalog/schema: unknown/unknown
servicio-pagos  | 	Autocommit mode: undefined/unknown
servicio-pagos  | 	Isolation level: NONE [default NONE]
servicio-pagos  | 	JDBC fetch size: undefined/unknown
servicio-pagos  | 	Pool: DataSourceConnectionProvider
servicio-pagos  | 	Minimum pool size: undefined/unknown
servicio-pagos  | 	Maximum pool size: undefined/unknown
servicio-pagos  | 2026-06-07T11:38:54.869Z  INFO 1 --- [servicio-pagos] [           main] org.hibernate.orm.core                   : HHH000489: No JTA platform available (set 'hibernate.transaction.jta.platform' to enable JTA platform integration)
servicio-pagos  | 2026-06-07T11:38:54.891Z  INFO 1 --- [servicio-pagos] [           main] j.LocalContainerEntityManagerFactoryBean : Initialized JPA EntityManagerFactory for persistence unit 'default'
servicio-pagos  | 2026-06-07T11:38:55.182Z  INFO 1 --- [servicio-pagos] [           main] o.s.d.j.r.query.QueryEnhancerFactories   : Hibernate is in classpath; If applicable, HQL parser will be used.
servicio-pagos  | 2026-06-07T11:38:55.928Z  WARN 1 --- [servicio-pagos] [           main] JpaBaseConfiguration$JpaWebConfiguration : spring.jpa.open-in-view is enabled by default. Therefore, database queries may be performed during view rendering. Explicitly configure spring.jpa.open-in-view to disable this warning
servicio-pagos  | 2026-06-07T11:38:58.726Z  INFO 1 --- [servicio-pagos] [           main] DiscoveryClientOptionalArgsConfiguration : Eureka HTTP Client uses RestClient.
servicio-pagos  | 2026-06-07T11:38:58.854Z  WARN 1 --- [servicio-pagos] [           main] iguration$LoadBalancerCaffeineWarnLogger : Spring Cloud LoadBalancer is currently working with the default cache. While this cache implementation is useful for development and tests, it's recommended to use Caffeine cache in production.You can switch to using Caffeine cache, by adding it and org.springframework.cache.caffeine.CaffeineCacheManager to the classpath.
servicio-pagos  | 2026-06-07T11:38:58.874Z  INFO 1 --- [servicio-pagos] [           main] o.s.b.a.e.web.EndpointLinksResolver      : Exposing 16 endpoints beneath base path '/actuator'
servicio-pagos  | 2026-06-07T11:38:59.099Z  INFO 1 --- [servicio-pagos] [           main] o.s.c.n.eureka.InstanceInfoFactory       : Setting initial instance status as: STARTING
servicio-pagos  | 2026-06-07T11:38:59.158Z  INFO 1 --- [servicio-pagos] [           main] com.netflix.discovery.DiscoveryClient    : Initializing Eureka in region us-east-1
servicio-pagos  | 2026-06-07T11:38:59.170Z  INFO 1 --- [servicio-pagos] [           main] c.n.d.s.r.aws.ConfigClusterResolver      : Resolving eureka endpoints via configuration
servicio-pagos  | 2026-06-07T11:38:59.211Z  INFO 1 --- [servicio-pagos] [           main] com.netflix.discovery.DiscoveryClient    : Disable delta property : false
servicio-pagos  | 2026-06-07T11:38:59.213Z  INFO 1 --- [servicio-pagos] [           main] com.netflix.discovery.DiscoveryClient    : Single vip registry refresh property : null
servicio-pagos  | 2026-06-07T11:38:59.213Z  INFO 1 --- [servicio-pagos] [           main] com.netflix.discovery.DiscoveryClient    : Force full registry fetch : false
servicio-pagos  | 2026-06-07T11:38:59.213Z  INFO 1 --- [servicio-pagos] [           main] com.netflix.discovery.DiscoveryClient    : Application is null : false
servicio-pagos  | 2026-06-07T11:38:59.214Z  INFO 1 --- [servicio-pagos] [           main] com.netflix.discovery.DiscoveryClient    : Registered Applications size is zero : true
servicio-pagos  | 2026-06-07T11:38:59.214Z  INFO 1 --- [servicio-pagos] [           main] com.netflix.discovery.DiscoveryClient    : Application version is -1: true
servicio-pagos  | 2026-06-07T11:38:59.214Z  INFO 1 --- [servicio-pagos] [           main] com.netflix.discovery.DiscoveryClient    : Getting all instance registry info from the eureka server
servicio-pagos  | 2026-06-07T11:39:00.246Z  INFO 1 --- [servicio-pagos] [           main] c.n.d.s.t.d.RedirectingEurekaHttpClient  : Request execution error. endpoint=DefaultEndpoint{ serviceUrl='http://localhost:8761/eureka/}, exception=I/O error on GET request for "http://localhost:8761/eureka/apps/": Connect to http://localhost:8761 failed: Connection refused stacktrace=org.springframework.web.client.ResourceAccessException: I/O error on GET request for "http://localhost:8761/eureka/apps/": Connect to http://localhost:8761 failed: Connection refused
servicio-pagos  | 	at org.springframework.web.client.DefaultRestClient$DefaultRequestBodyUriSpec.createResourceAccessException(DefaultRestClient.java:779)
servicio-pagos  | 	at org.springframework.web.client.DefaultRestClient$DefaultRequestBodyUriSpec.exchangeInternal(DefaultRestClient.java:624)
servicio-pagos  | 	at org.springframework.web.client.DefaultRestClient$DefaultRequestBodyUriSpec.exchange(DefaultRestClient.java:572)
servicio-pagos  | 	at org.springframework.web.client.RestClient$RequestHeadersSpec.exchange(RestClient.java:747)
servicio-pagos  | 	at org.springframework.web.client.DefaultRestClient$DefaultResponseSpec.executeAndExtract(DefaultRestClient.java:924)
servicio-pagos  | 	at org.springframework.web.client.DefaultRestClient$DefaultResponseSpec.toEntityInternal(DefaultRestClient.java:870)
servicio-pagos  | 	at org.springframework.web.client.DefaultRestClient$DefaultResponseSpec.toEntity(DefaultRestClient.java:859)
servicio-pagos  | 	at org.springframework.cloud.netflix.eureka.http.RestClientEurekaHttpClient.getApplicationsInternal(RestClientEurekaHttpClient.java:201)
servicio-pagos  | 	at org.springframework.cloud.netflix.eureka.http.RestClientEurekaHttpClient.getApplications(RestClientEurekaHttpClient.java:137)
servicio-pagos  | 	at com.netflix.discovery.shared.transport.decorator.EurekaHttpClientDecorator$6.execute(EurekaHttpClientDecorator.java:137)
servicio-pagos  | 	at com.netflix.discovery.shared.transport.decorator.RedirectingEurekaHttpClient.executeOnNewServer(RedirectingEurekaHttpClient.java:121)
servicio-pagos  | 	at com.netflix.discovery.shared.transport.decorator.RedirectingEurekaHttpClient.execute(RedirectingEurekaHttpClient.java:80)
servicio-pagos  | 	at com.netflix.discovery.shared.transport.decorator.EurekaHttpClientDecorator.getApplications(EurekaHttpClientDecorator.java:134)
servicio-pagos  | 	at com.netflix.discovery.shared.transport.decorator.EurekaHttpClientDecorator$6.execute(EurekaHttpClientDecorator.java:137)
servicio-pagos  | 	at com.netflix.discovery.shared.transport.decorator.RetryableEurekaHttpClient.execute(RetryableEurekaHttpClient.java:120)
servicio-pagos  | 	at com.netflix.discovery.shared.transport.decorator.EurekaHttpClientDecorator.getApplications(EurekaHttpClientDecorator.java:134)
servicio-pagos  | 	at com.netflix.discovery.shared.transport.decorator.EurekaHttpClientDecorator$6.execute(EurekaHttpClientDecorator.java:137)
servicio-pagos  | 	at com.netflix.discovery.shared.transport.decorator.SessionedEurekaHttpClient.execute(SessionedEurekaHttpClient.java:76)
servicio-pagos  | 	at com.netflix.discovery.shared.transport.decorator.EurekaHttpClientDecorator.getApplications(EurekaHttpClientDecorator.java:134)
servicio-pagos  | 	at com.netflix.discovery.DiscoveryClient.getAndStoreFullRegistry(DiscoveryClient.java:1046)
servicio-pagos  | 	at com.netflix.discovery.DiscoveryClient.fetchRegistry(DiscoveryClient.java:961)
servicio-pagos  | 	at com.netflix.discovery.DiscoveryClient.<init>(DiscoveryClient.java:410)
servicio-pagos  | 	at com.netflix.discovery.DiscoveryClient.<init>(DiscoveryClient.java:245)
servicio-pagos  | 	at com.netflix.discovery.DiscoveryClient.<init>(DiscoveryClient.java:240)
servicio-pagos  | 	at org.springframework.cloud.netflix.eureka.CloudEurekaClient.<init>(CloudEurekaClient.java:68)
servicio-pagos  | 	at org.springframework.cloud.netflix.eureka.EurekaClientAutoConfiguration$RefreshableEurekaClientConfiguration.eurekaClient(EurekaClientAutoConfiguration.java:324)
servicio-pagos  | 	at java.base/jdk.internal.reflect.DirectMethodHandleAccessor.invoke(DirectMethodHandleAccessor.java:103)
servicio-pagos  | 	at java.base/java.lang.reflect.Method.invoke(Method.java:580)
servicio-pagos  | 	at org.springframework.beans.factory.support.SimpleInstantiationStrategy.lambda$instantiate$0(SimpleInstantiationStrategy.java:155)
servicio-pagos  | 	at org.springframework.beans.factory.support.SimpleInstantiationStrategy.instantiateWithFactoryMethod(SimpleInstantiationStrategy.java:72)
servicio-pagos  | 	at org.springframework.beans.factory.support.SimpleInstantiationStrategy.instantiate(SimpleInstantiationStrategy.java:152)
servicio-pagos  | 	at org.springframework.beans.factory.support.ConstructorResolver.instantiate(ConstructorResolver.java:653)
servicio-pagos  | 	at org.springframework.beans.factory.support.ConstructorResolver.instantiateUsingFactoryMethod(ConstructorResolver.java:645)
servicio-pagos  | 	at org.springframework.beans.factory.support.AbstractAutowireCapableBeanFactory.instantiateUsingFactoryMethod(AbstractAutowireCapableBeanFactory.java:1362)
servicio-pagos  | 	at org.springframework.beans.factory.support.AbstractAutowireCapableBeanFactory.createBeanInstance(AbstractAutowireCapableBeanFactory.java:1194)
servicio-pagos  | 	at org.springframework.beans.factory.support.AbstractAutowireCapableBeanFactory.doCreateBean(AbstractAutowireCapableBeanFactory.java:565)
servicio-pagos  | 	at org.springframework.beans.factory.support.AbstractAutowireCapableBeanFactory.createBean(AbstractAutowireCapableBeanFactory.java:525)
servicio-pagos  | 	at org.springframework.beans.factory.support.AbstractBeanFactory.lambda$doGetBean$1(AbstractBeanFactory.java:372)
servicio-pagos  | 	at org.springframework.cloud.context.scope.GenericScope$BeanLifecycleWrapper.getBean(GenericScope.java:373)
servicio-pagos  | 	at org.springframework.cloud.context.scope.GenericScope.get(GenericScope.java:177)
servicio-pagos  | 	at org.springframework.beans.factory.support.AbstractBeanFactory.doGetBean(AbstractBeanFactory.java:369)
servicio-pagos  | 	at org.springframework.beans.factory.support.AbstractBeanFactory.getBean(AbstractBeanFactory.java:196)
servicio-pagos  | 	at org.springframework.aop.target.SimpleBeanTargetSource.getTarget(SimpleBeanTargetSource.java:35)
servicio-pagos  | 	at org.springframework.cloud.netflix.eureka.serviceregistry.EurekaRegistration.getTargetObject(EurekaRegistration.java:128)
servicio-pagos  | 	at org.springframework.cloud.netflix.eureka.serviceregistry.EurekaRegistration.getEurekaClient(EurekaRegistration.java:116)
servicio-pagos  | 	at java.base/jdk.internal.reflect.DirectMethodHandleAccessor.invoke(DirectMethodHandleAccessor.java:103)
servicio-pagos  | 	at java.base/java.lang.reflect.Method.invoke(Method.java:580)
servicio-pagos  | 	at org.springframework.util.ReflectionUtils.invokeMethod(ReflectionUtils.java:281)
servicio-pagos  | 	at org.springframework.cloud.context.scope.GenericScope$LockedScopedProxyFactoryBean.invoke(GenericScope.java:480)
servicio-pagos  | 	at org.springframework.aop.framework.ReflectiveMethodInvocation.proceed(ReflectiveMethodInvocation.java:179)
servicio-pagos  | 	at org.springframework.aop.framework.CglibAopProxy$DynamicAdvisedInterceptor.intercept(CglibAopProxy.java:719)
servicio-pagos  | 	at org.springframework.cloud.netflix.eureka.serviceregistry.EurekaRegistration$$SpringCGLIB$$0.getEurekaClient(<generated>)
servicio-pagos  | 	at org.springframework.cloud.netflix.eureka.serviceregistry.EurekaServiceRegistry.maybeInitializeClient(EurekaServiceRegistry.java:83)
servicio-pagos  | 	at org.springframework.cloud.netflix.eureka.serviceregistry.EurekaServiceRegistry.register(EurekaServiceRegistry.java:66)
servicio-pagos  | 	at org.springframework.cloud.netflix.eureka.serviceregistry.EurekaAutoServiceRegistration.start(EurekaAutoServiceRegistration.java:89)
servicio-pagos  | 	at org.springframework.context.support.DefaultLifecycleProcessor.doStart(DefaultLifecycleProcessor.java:420)
servicio-pagos  | 	at org.springframework.context.support.DefaultLifecycleProcessor.doStart(DefaultLifecycleProcessor.java:409)
servicio-pagos  | 	at org.springframework.context.support.DefaultLifecycleProcessor$LifecycleGroup.start(DefaultLifecycleProcessor.java:613)
servicio-pagos  | 	at java.base/java.lang.Iterable.forEach(Iterable.java:75)
servicio-pagos  | 	at org.springframework.context.support.DefaultLifecycleProcessor.startBeans(DefaultLifecycleProcessor.java:379)
servicio-pagos  | 	at org.springframework.context.support.DefaultLifecycleProcessor.onRefresh(DefaultLifecycleProcessor.java:306)
servicio-pagos  | 	at org.springframework.context.support.AbstractApplicationContext.finishRefresh(AbstractApplicationContext.java:1013)
servicio-pagos  | 	at org.springframework.context.support.AbstractApplicationContext.refresh(AbstractApplicationContext.java:624)
servicio-pagos  | 	at org.springframework.boot.web.server.servlet.context.ServletWebServerApplicationContext.refresh(ServletWebServerApplicationContext.java:143)
servicio-pagos  | 	at org.springframework.boot.SpringApplication.refresh(SpringApplication.java:756)
servicio-pagos  | 	at org.springframework.boot.SpringApplication.refreshContext(SpringApplication.java:445)
servicio-pagos  | 	at org.springframework.boot.SpringApplication.run(SpringApplication.java:321)
servicio-pagos  | 	at org.springframework.boot.SpringApplication.run(SpringApplication.java:1365)
servicio-pagos  | 	at org.springframework.boot.SpringApplication.run(SpringApplication.java:1354)
servicio-pagos  | 	at cl.gimnasio.pagos.ServicioPagosApplication.main(ServicioPagosApplication.java:12)
servicio-pagos  | 	at java.base/jdk.internal.reflect.DirectMethodHandleAccessor.invoke(DirectMethodHandleAccessor.java:103)
servicio-pagos  | 	at java.base/java.lang.reflect.Method.invoke(Method.java:580)
servicio-pagos  | 	at org.springframework.boot.loader.launch.Launcher.launch(Launcher.java:106)
servicio-pagos  | 	at org.springframework.boot.loader.launch.Launcher.launch(Launcher.java:64)
servicio-pagos  | 	at org.springframework.boot.loader.launch.JarLauncher.main(JarLauncher.java:40)
servicio-pagos  | Caused by: org.apache.hc.client5.http.HttpHostConnectException: Connect to http://localhost:8761 failed: Connection refused
servicio-pagos  | 	at java.base/sun.nio.ch.Net.pollConnect(Native Method)
servicio-pagos  | 	at java.base/sun.nio.ch.Net.pollConnectNow(Net.java:694)
servicio-pagos  | 	at java.base/sun.nio.ch.NioSocketImpl.timedFinishConnect(NioSocketImpl.java:542)
servicio-pagos  | 	at java.base/sun.nio.ch.NioSocketImpl.connect(NioSocketImpl.java:592)
servicio-pagos  | 	at java.base/java.net.SocksSocketImpl.connect(SocksSocketImpl.java:327)
servicio-pagos  | 	at java.base/java.net.Socket.connect(Socket.java:751)
servicio-pagos  | 	at org.apache.hc.client5.http.impl.io.DefaultHttpClientConnectionOperator.connect(DefaultHttpClientConnectionOperator.java:226)
servicio-pagos  | 	at org.apache.hc.client5.http.impl.io.PoolingHttpClientConnectionManager.connect(PoolingHttpClientConnectionManager.java:497)
servicio-pagos  | 	at org.apache.hc.client5.http.impl.classic.InternalExecRuntime.connectEndpoint(InternalExecRuntime.java:164)
servicio-pagos  | 	at org.apache.hc.client5.http.impl.classic.InternalExecRuntime.connectEndpoint(InternalExecRuntime.java:174)
servicio-pagos  | 	at org.apache.hc.client5.http.impl.classic.ConnectExec.execute(ConnectExec.java:144)
servicio-pagos  | 	at org.apache.hc.client5.http.impl.classic.ExecChainElement.execute(ExecChainElement.java:51)
servicio-pagos  | 	at org.apache.hc.client5.http.impl.classic.ProtocolExec.execute(ProtocolExec.java:195)
servicio-pagos  | 	at org.apache.hc.client5.http.impl.classic.ExecChainElement.execute(ExecChainElement.java:51)
servicio-pagos  | 	at org.apache.hc.client5.http.impl.classic.ContentCompressionExec.execute(ContentCompressionExec.java:168)
servicio-pagos  | 	at org.apache.hc.client5.http.impl.classic.ExecChainElement.execute(ExecChainElement.java:51)
servicio-pagos  | 	at org.apache.hc.client5.http.impl.classic.HttpRequestRetryExec.execute(HttpRequestRetryExec.java:112)
servicio-pagos  | 	at org.apache.hc.client5.http.impl.classic.ExecChainElement.execute(ExecChainElement.java:51)
servicio-pagos  | 	at org.apache.hc.client5.http.impl.classic.RedirectExec.execute(RedirectExec.java:110)
servicio-pagos  | 	at org.apache.hc.client5.http.impl.classic.ExecChainElement.execute(ExecChainElement.java:51)
servicio-pagos  | 	at org.apache.hc.client5.http.impl.classic.InternalHttpClient.doExecute(InternalHttpClient.java:185)
servicio-pagos  | 	at org.apache.hc.client5.http.impl.classic.CloseableHttpClient.execute(CloseableHttpClient.java:87)
servicio-pagos  | 	at org.apache.hc.client5.http.impl.classic.CloseableHttpClient.execute(CloseableHttpClient.java:55)
servicio-pagos  | 	at org.apache.hc.client5.http.classic.HttpClient.executeOpen(HttpClient.java:183)
servicio-pagos  | 	at org.springframework.http.client.HttpComponentsClientHttpRequest.executeInternal(HttpComponentsClientHttpRequest.java:99)
servicio-pagos  | 	at org.springframework.http.client.AbstractStreamingClientHttpRequest.executeInternal(AbstractStreamingClientHttpRequest.java:87)
servicio-pagos  | 	at org.springframework.http.client.AbstractClientHttpRequest.execute(AbstractClientHttpRequest.java:80)
servicio-pagos  | 	at org.springframework.http.client.AbstractBufferingClientHttpRequest.executeWithRequestAndBody(AbstractBufferingClientHttpRequest.java:89)
servicio-pagos  | 	at org.springframework.http.client.InterceptingClientHttpRequest$EndOfChainRequestExecution.execute(InterceptingClientHttpRequest.java:102)
servicio-pagos  | 	at org.springframework.cloud.netflix.eureka.http.RestClientTransportClientFactory.lambda$newClient$2(RestClientTransportClientFactory.java:98)
servicio-pagos  | 	at org.springframework.http.client.ClientHttpRequestInterceptor.lambda$apply$0(ClientHttpRequestInterceptor.java:89)
servicio-pagos  | 	at org.springframework.http.client.InterceptingClientHttpRequest.executeInternal(InterceptingClientHttpRequest.java:73)
servicio-pagos  | 	at org.springframework.http.client.AbstractBufferingClientHttpRequest.executeInternal(AbstractBufferingClientHttpRequest.java:50)
servicio-pagos  | 	at org.springframework.http.client.AbstractClientHttpRequest.execute(AbstractClientHttpRequest.java:80)
servicio-pagos  | 	at org.springframework.web.client.DefaultRestClient$DefaultRequestBodyUriSpec.exchangeInternal(DefaultRestClient.java:614)
servicio-pagos  | 	... 73 more
servicio-pagos  | 
servicio-pagos  | 2026-06-07T11:39:00.248Z  WARN 1 --- [servicio-pagos] [           main] c.n.d.s.t.d.RetryableEurekaHttpClient    : Request execution failed with message: I/O error on GET request for "http://localhost:8761/eureka/apps/": Connect to http://localhost:8761 failed: Connection refused
servicio-pagos  | 2026-06-07T11:39:00.249Z  INFO 1 --- [servicio-pagos] [           main] com.netflix.discovery.DiscoveryClient    : DiscoveryClient_SERVICIO-PAGOS/07e9a31ce37f:servicio-pagos:8085 - was unable to refresh its cache! This periodic background refresh will be retried in 30 seconds. status = Cannot execute request on any known server stacktrace = com.netflix.discovery.shared.transport.TransportException: Cannot execute request on any known server
servicio-pagos  | 	at com.netflix.discovery.shared.transport.decorator.RetryableEurekaHttpClient.execute(RetryableEurekaHttpClient.java:112)
servicio-pagos  | 	at com.netflix.discovery.shared.transport.decorator.EurekaHttpClientDecorator.getApplications(EurekaHttpClientDecorator.java:134)
servicio-pagos  | 	at com.netflix.discovery.shared.transport.decorator.EurekaHttpClientDecorator$6.execute(EurekaHttpClientDecorator.java:137)
servicio-pagos  | 	at com.netflix.discovery.shared.transport.decorator.SessionedEurekaHttpClient.execute(SessionedEurekaHttpClient.java:76)
servicio-pagos  | 	at com.netflix.discovery.shared.transport.decorator.EurekaHttpClientDecorator.getApplications(EurekaHttpClientDecorator.java:134)
servicio-pagos  | 	at com.netflix.discovery.DiscoveryClient.getAndStoreFullRegistry(DiscoveryClient.java:1046)
servicio-pagos  | 	at com.netflix.discovery.DiscoveryClient.fetchRegistry(DiscoveryClient.java:961)
servicio-pagos  | 	at com.netflix.discovery.DiscoveryClient.<init>(DiscoveryClient.java:410)
servicio-pagos  | 	at com.netflix.discovery.DiscoveryClient.<init>(DiscoveryClient.java:245)
servicio-pagos  | 	at com.netflix.discovery.DiscoveryClient.<init>(DiscoveryClient.java:240)
servicio-pagos  | 	at org.springframework.cloud.netflix.eureka.CloudEurekaClient.<init>(CloudEurekaClient.java:68)
servicio-pagos  | 	at org.springframework.cloud.netflix.eureka.EurekaClientAutoConfiguration$RefreshableEurekaClientConfiguration.eurekaClient(EurekaClientAutoConfiguration.java:324)
servicio-pagos  | 	at java.base/jdk.internal.reflect.DirectMethodHandleAccessor.invoke(DirectMethodHandleAccessor.java:103)
servicio-pagos  | 	at java.base/java.lang.reflect.Method.invoke(Method.java:580)
servicio-pagos  | 	at org.springframework.beans.factory.support.SimpleInstantiationStrategy.lambda$instantiate$0(SimpleInstantiationStrategy.java:155)
servicio-pagos  | 	at org.springframework.beans.factory.support.SimpleInstantiationStrategy.instantiateWithFactoryMethod(SimpleInstantiationStrategy.java:72)
servicio-pagos  | 	at org.springframework.beans.factory.support.SimpleInstantiationStrategy.instantiate(SimpleInstantiationStrategy.java:152)
servicio-pagos  | 	at org.springframework.beans.factory.support.ConstructorResolver.instantiate(ConstructorResolver.java:653)
servicio-pagos  | 	at org.springframework.beans.factory.support.ConstructorResolver.instantiateUsingFactoryMethod(ConstructorResolver.java:645)
servicio-pagos  | 	at org.springframework.beans.factory.support.AbstractAutowireCapableBeanFactory.instantiateUsingFactoryMethod(AbstractAutowireCapableBeanFactory.java:1362)
servicio-pagos  | 	at org.springframework.beans.factory.support.AbstractAutowireCapableBeanFactory.createBeanInstance(AbstractAutowireCapableBeanFactory.java:1194)
servicio-pagos  | 	at org.springframework.beans.factory.support.AbstractAutowireCapableBeanFactory.doCreateBean(AbstractAutowireCapableBeanFactory.java:565)
servicio-pagos  | 	at org.springframework.beans.factory.support.AbstractAutowireCapableBeanFactory.createBean(AbstractAutowireCapableBeanFactory.java:525)
servicio-pagos  | 	at org.springframework.beans.factory.support.AbstractBeanFactory.lambda$doGetBean$1(AbstractBeanFactory.java:372)
servicio-pagos  | 	at org.springframework.cloud.context.scope.GenericScope$BeanLifecycleWrapper.getBean(GenericScope.java:373)
servicio-pagos  | 	at org.springframework.cloud.context.scope.GenericScope.get(GenericScope.java:177)
servicio-pagos  | 	at org.springframework.beans.factory.support.AbstractBeanFactory.doGetBean(AbstractBeanFactory.java:369)
servicio-pagos  | 	at org.springframework.beans.factory.support.AbstractBeanFactory.getBean(AbstractBeanFactory.java:196)
servicio-pagos  | 	at org.springframework.aop.target.SimpleBeanTargetSource.getTarget(SimpleBeanTargetSource.java:35)
servicio-pagos  | 	at org.springframework.cloud.netflix.eureka.serviceregistry.EurekaRegistration.getTargetObject(EurekaRegistration.java:128)
servicio-pagos  | 	at org.springframework.cloud.netflix.eureka.serviceregistry.EurekaRegistration.getEurekaClient(EurekaRegistration.java:116)
servicio-pagos  | 	at java.base/jdk.internal.reflect.DirectMethodHandleAccessor.invoke(DirectMethodHandleAccessor.java:103)
servicio-pagos  | 	at java.base/java.lang.reflect.Method.invoke(Method.java:580)
servicio-pagos  | 	at org.springframework.util.ReflectionUtils.invokeMethod(ReflectionUtils.java:281)
servicio-pagos  | 	at org.springframework.cloud.context.scope.GenericScope$LockedScopedProxyFactoryBean.invoke(GenericScope.java:480)
servicio-pagos  | 	at org.springframework.aop.framework.ReflectiveMethodInvocation.proceed(ReflectiveMethodInvocation.java:179)
servicio-pagos  | 	at org.springframework.aop.framework.CglibAopProxy$DynamicAdvisedInterceptor.intercept(CglibAopProxy.java:719)
servicio-pagos  | 	at org.springframework.cloud.netflix.eureka.serviceregistry.EurekaRegistration$$SpringCGLIB$$0.getEurekaClient(<generated>)
servicio-pagos  | 	at org.springframework.cloud.netflix.eureka.serviceregistry.EurekaServiceRegistry.maybeInitializeClient(EurekaServiceRegistry.java:83)
servicio-pagos  | 	at org.springframework.cloud.netflix.eureka.serviceregistry.EurekaServiceRegistry.register(EurekaServiceRegistry.java:66)
servicio-pagos  | 	at org.springframework.cloud.netflix.eureka.serviceregistry.EurekaAutoServiceRegistration.start(EurekaAutoServiceRegistration.java:89)
servicio-pagos  | 	at org.springframework.context.support.DefaultLifecycleProcessor.doStart(DefaultLifecycleProcessor.java:420)
servicio-pagos  | 	at org.springframework.context.support.DefaultLifecycleProcessor.doStart(DefaultLifecycleProcessor.java:409)
servicio-pagos  | 	at org.springframework.context.support.DefaultLifecycleProcessor$LifecycleGroup.start(DefaultLifecycleProcessor.java:613)
servicio-pagos  | 	at java.base/java.lang.Iterable.forEach(Iterable.java:75)
servicio-pagos  | 	at org.springframework.context.support.DefaultLifecycleProcessor.startBeans(DefaultLifecycleProcessor.java:379)
servicio-pagos  | 	at org.springframework.context.support.DefaultLifecycleProcessor.onRefresh(DefaultLifecycleProcessor.java:306)
servicio-pagos  | 	at org.springframework.context.support.AbstractApplicationContext.finishRefresh(AbstractApplicationContext.java:1013)
servicio-pagos  | 	at org.springframework.context.support.AbstractApplicationContext.refresh(AbstractApplicationContext.java:624)
servicio-pagos  | 	at org.springframework.boot.web.server.servlet.context.ServletWebServerApplicationContext.refresh(ServletWebServerApplicationContext.java:143)
servicio-pagos  | 	at org.springframework.boot.SpringApplication.refresh(SpringApplication.java:756)
servicio-pagos  | 	at org.springframework.boot.SpringApplication.refreshContext(SpringApplication.java:445)
servicio-pagos  | 	at org.springframework.boot.SpringApplication.run(SpringApplication.java:321)
servicio-pagos  | 	at org.springframework.boot.SpringApplication.run(SpringApplication.java:1365)
servicio-pagos  | 	at org.springframework.boot.SpringApplication.run(SpringApplication.java:1354)
servicio-pagos  | 	at cl.gimnasio.pagos.ServicioPagosApplication.main(ServicioPagosApplication.java:12)
servicio-pagos  | 	at java.base/jdk.internal.reflect.DirectMethodHandleAccessor.invoke(DirectMethodHandleAccessor.java:103)
servicio-pagos  | 	at java.base/java.lang.reflect.Method.invoke(Method.java:580)
servicio-pagos  | 	at org.springframework.boot.loader.launch.Launcher.launch(Launcher.java:106)
servicio-pagos  | 	at org.springframework.boot.loader.launch.Launcher.launch(Launcher.java:64)
servicio-pagos  | 	at org.springframework.boot.loader.launch.JarLauncher.main(JarLauncher.java:40)
servicio-pagos  | 
servicio-pagos  | 2026-06-07T11:39:00.250Z  INFO 1 --- [servicio-pagos] [           main] com.netflix.discovery.DiscoveryClient    : Initial registry fetch from primary servers failed
servicio-pagos  | 2026-06-07T11:39:00.250Z  WARN 1 --- [servicio-pagos] [           main] com.netflix.discovery.DiscoveryClient    : Using default backup registry implementation which does not do anything.
servicio-pagos  | 2026-06-07T11:39:00.252Z  INFO 1 --- [servicio-pagos] [           main] com.netflix.discovery.DiscoveryClient    : Initial registry fetch from backup servers failed
servicio-pagos  | 2026-06-07T11:39:00.253Z  INFO 1 --- [servicio-pagos] [           main] com.netflix.discovery.DiscoveryClient    : Starting heartbeat executor: renew interval is: 30
servicio-pagos  | 2026-06-07T11:39:00.285Z  INFO 1 --- [servicio-pagos] [           main] c.n.discovery.InstanceInfoReplicator     : InstanceInfoReplicator onDemand update allowed rate per min is 4
servicio-pagos  | 2026-06-07T11:39:00.290Z  INFO 1 --- [servicio-pagos] [           main] com.netflix.discovery.DiscoveryClient    : Discovery Client initialized at timestamp 1780832340289 with initial instances count: 0
servicio-pagos  | 2026-06-07T11:39:00.329Z  INFO 1 --- [servicio-pagos] [           main] o.s.c.n.e.s.EurekaServiceRegistry        : Registering application SERVICIO-PAGOS with eureka with status UP
servicio-pagos  | 2026-06-07T11:39:00.330Z  INFO 1 --- [servicio-pagos] [           main] com.netflix.discovery.DiscoveryClient    : Saw local status change event StatusChangeEvent [timestamp=1780832340330, current=UP, previous=STARTING]
servicio-pagos  | 2026-06-07T11:39:00.336Z  INFO 1 --- [servicio-pagos] [foReplicator-%d] com.netflix.discovery.DiscoveryClient    : DiscoveryClient_SERVICIO-PAGOS/07e9a31ce37f:servicio-pagos:8085: registering service...
servicio-pagos  | 2026-06-07T11:39:00.416Z  INFO 1 --- [servicio-pagos] [           main] o.s.boot.tomcat.TomcatWebServer          : Tomcat started on port 8085 (http) with context path '/'
servicio-pagos  | 2026-06-07T11:39:00.420Z  INFO 1 --- [servicio-pagos] [           main] .s.c.n.e.s.EurekaAutoServiceRegistration : Updating port to 8085
servicio-pagos  | 2026-06-07T11:39:00.462Z  INFO 1 --- [servicio-pagos] [           main] c.g.pagos.ServicioPagosApplication       : Started ServicioPagosApplication in 35.713 seconds (process running for 37.691)
servicio-pagos  | 2026-06-07T11:39:00.773Z  INFO 1 --- [servicio-pagos] [foReplicator-%d] c.n.d.s.t.d.RedirectingEurekaHttpClient  : Request execution error. endpoint=DefaultEndpoint{ serviceUrl='http://localhost:8761/eureka/}, exception=I/O error on POST request for "http://localhost:8761/eureka/apps/SERVICIO-PAGOS": Connect to http://localhost:8761 failed: Connection refused stacktrace=org.springframework.web.client.ResourceAccessException: I/O error on POST request for "http://localhost:8761/eureka/apps/SERVICIO-PAGOS": Connect to http://localhost:8761 failed: Connection refused
servicio-pagos  | 	at org.springframework.web.client.DefaultRestClient$DefaultRequestBodyUriSpec.createResourceAccessException(DefaultRestClient.java:779)
servicio-pagos  | 	at org.springframework.web.client.DefaultRestClient$DefaultRequestBodyUriSpec.exchangeInternal(DefaultRestClient.java:624)
servicio-pagos  | 	at org.springframework.web.client.DefaultRestClient$DefaultRequestBodyUriSpec.exchange(DefaultRestClient.java:572)
servicio-pagos  | 	at org.springframework.web.client.RestClient$RequestHeadersSpec.exchange(RestClient.java:747)
servicio-pagos  | 	at org.springframework.web.client.DefaultRestClient$DefaultResponseSpec.executeAndExtract(DefaultRestClient.java:924)
servicio-pagos  | 	at org.springframework.web.client.DefaultRestClient$DefaultResponseSpec.toBodilessEntity(DefaultRestClient.java:888)
servicio-pagos  | 	at org.springframework.cloud.netflix.eureka.http.RestClientEurekaHttpClient.register(RestClientEurekaHttpClient.java:64)
servicio-pagos  | 	at com.netflix.discovery.shared.transport.decorator.EurekaHttpClientDecorator$1.execute(EurekaHttpClientDecorator.java:59)
servicio-pagos  | 	at com.netflix.discovery.shared.transport.decorator.RedirectingEurekaHttpClient.executeOnNewServer(RedirectingEurekaHttpClient.java:121)
servicio-pagos  | 	at com.netflix.discovery.shared.transport.decorator.RedirectingEurekaHttpClient.execute(RedirectingEurekaHttpClient.java:80)
servicio-pagos  | 	at com.netflix.discovery.shared.transport.decorator.EurekaHttpClientDecorator.register(EurekaHttpClientDecorator.java:56)
servicio-pagos  | 	at com.netflix.discovery.shared.transport.decorator.EurekaHttpClientDecorator$1.execute(EurekaHttpClientDecorator.java:59)
servicio-pagos  | 	at com.netflix.discovery.shared.transport.decorator.RetryableEurekaHttpClient.execute(RetryableEurekaHttpClient.java:120)
servicio-pagos  | 	at com.netflix.discovery.shared.transport.decorator.EurekaHttpClientDecorator.register(EurekaHttpClientDecorator.java:56)
servicio-pagos  | 	at com.netflix.discovery.shared.transport.decorator.EurekaHttpClientDecorator$1.execute(EurekaHttpClientDecorator.java:59)
servicio-pagos  | 	at com.netflix.discovery.shared.transport.decorator.SessionedEurekaHttpClient.execute(SessionedEurekaHttpClient.java:76)
servicio-pagos  | 	at com.netflix.discovery.shared.transport.decorator.EurekaHttpClientDecorator.register(EurekaHttpClientDecorator.java:56)
servicio-pagos  | 	at com.netflix.discovery.DiscoveryClient.register(DiscoveryClient.java:828)
servicio-pagos  | 	at com.netflix.discovery.InstanceInfoReplicator.run(InstanceInfoReplicator.java:125)
servicio-pagos  | 	at com.netflix.discovery.InstanceInfoReplicator$2.run(InstanceInfoReplicator.java:105)
servicio-pagos  | 	at java.base/java.util.concurrent.Executors$RunnableAdapter.call(Executors.java:572)
servicio-pagos  | 	at java.base/java.util.concurrent.FutureTask.run(FutureTask.java:317)
servicio-pagos  | 	at java.base/java.util.concurrent.ScheduledThreadPoolExecutor$ScheduledFutureTask.run(ScheduledThreadPoolExecutor.java:304)
servicio-pagos  | 	at java.base/java.util.concurrent.ThreadPoolExecutor.runWorker(ThreadPoolExecutor.java:1144)
servicio-pagos  | 	at java.base/java.util.concurrent.ThreadPoolExecutor$Worker.run(ThreadPoolExecutor.java:642)
servicio-pagos  | 	at java.base/java.lang.Thread.run(Thread.java:1583)
servicio-pagos  | Caused by: org.apache.hc.client5.http.HttpHostConnectException: Connect to http://localhost:8761 failed: Connection refused
servicio-pagos  | 	at java.base/sun.nio.ch.Net.pollConnect(Native Method)
servicio-pagos  | 	at java.base/sun.nio.ch.Net.pollConnectNow(Net.java:694)
servicio-pagos  | 	at java.base/sun.nio.ch.NioSocketImpl.timedFinishConnect(NioSocketImpl.java:542)
servicio-pagos  | 	at java.base/sun.nio.ch.NioSocketImpl.connect(NioSocketImpl.java:592)
servicio-pagos  | 	at java.base/java.net.SocksSocketImpl.connect(SocksSocketImpl.java:327)
servicio-pagos  | 	at java.base/java.net.Socket.connect(Socket.java:751)
servicio-pagos  | 	at org.apache.hc.client5.http.impl.io.DefaultHttpClientConnectionOperator.connect(DefaultHttpClientConnectionOperator.java:226)
servicio-pagos  | 	at org.apache.hc.client5.http.impl.io.PoolingHttpClientConnectionManager.connect(PoolingHttpClientConnectionManager.java:497)
servicio-pagos  | 	at org.apache.hc.client5.http.impl.classic.InternalExecRuntime.connectEndpoint(InternalExecRuntime.java:164)
servicio-pagos  | 	at org.apache.hc.client5.http.impl.classic.InternalExecRuntime.connectEndpoint(InternalExecRuntime.java:174)
servicio-pagos  | 	at org.apache.hc.client5.http.impl.classic.ConnectExec.execute(ConnectExec.java:144)
servicio-pagos  | 	at org.apache.hc.client5.http.impl.classic.ExecChainElement.execute(ExecChainElement.java:51)
servicio-pagos  | 	at org.apache.hc.client5.http.impl.classic.ProtocolExec.execute(ProtocolExec.java:195)
servicio-pagos  | 	at org.apache.hc.client5.http.impl.classic.ExecChainElement.execute(ExecChainElement.java:51)
servicio-pagos  | 	at org.apache.hc.client5.http.impl.classic.ContentCompressionExec.execute(ContentCompressionExec.java:168)
servicio-pagos  | 	at org.apache.hc.client5.http.impl.classic.ExecChainElement.execute(ExecChainElement.java:51)
servicio-pagos  | 	at org.apache.hc.client5.http.impl.classic.HttpRequestRetryExec.execute(HttpRequestRetryExec.java:112)
servicio-pagos  | 	at org.apache.hc.client5.http.impl.classic.ExecChainElement.execute(ExecChainElement.java:51)
servicio-pagos  | 	at org.apache.hc.client5.http.impl.classic.RedirectExec.execute(RedirectExec.java:110)
servicio-pagos  | 	at org.apache.hc.client5.http.impl.classic.ExecChainElement.execute(ExecChainElement.java:51)
servicio-pagos  | 	at org.apache.hc.client5.http.impl.classic.InternalHttpClient.doExecute(InternalHttpClient.java:185)
servicio-pagos  | 	at org.apache.hc.client5.http.impl.classic.CloseableHttpClient.execute(CloseableHttpClient.java:87)
servicio-pagos  | 	at org.apache.hc.client5.http.impl.classic.CloseableHttpClient.execute(CloseableHttpClient.java:55)
servicio-pagos  | 	at org.apache.hc.client5.http.classic.HttpClient.executeOpen(HttpClient.java:183)
servicio-pagos  | 	at org.springframework.http.client.HttpComponentsClientHttpRequest.executeInternal(HttpComponentsClientHttpRequest.java:99)
servicio-pagos  | 	at org.springframework.http.client.AbstractStreamingClientHttpRequest.executeInternal(AbstractStreamingClientHttpRequest.java:87)
servicio-pagos  | 	at org.springframework.http.client.AbstractClientHttpRequest.execute(AbstractClientHttpRequest.java:80)
servicio-pagos  | 	at org.springframework.http.client.AbstractBufferingClientHttpRequest.executeWithRequestAndBody(AbstractBufferingClientHttpRequest.java:89)
servicio-pagos  | 	at org.springframework.http.client.InterceptingClientHttpRequest$EndOfChainRequestExecution.execute(InterceptingClientHttpRequest.java:102)
servicio-pagos  | 	at org.springframework.cloud.netflix.eureka.http.RestClientTransportClientFactory.lambda$newClient$2(RestClientTransportClientFactory.java:98)
servicio-pagos  | 	at org.springframework.http.client.ClientHttpRequestInterceptor.lambda$apply$0(ClientHttpRequestInterceptor.java:89)
servicio-pagos  | 	at org.springframework.http.client.InterceptingClientHttpRequest.executeInternal(InterceptingClientHttpRequest.java:73)
servicio-pagos  | 	at org.springframework.http.client.AbstractBufferingClientHttpRequest.executeInternal(AbstractBufferingClientHttpRequest.java:50)
servicio-pagos  | 	at org.springframework.http.client.AbstractClientHttpRequest.execute(AbstractClientHttpRequest.java:80)
servicio-pagos  | 	at org.springframework.web.client.DefaultRestClient$DefaultRequestBodyUriSpec.exchangeInternal(DefaultRestClient.java:614)
servicio-pagos  | 	... 24 more
servicio-pagos  | 
servicio-pagos  | 2026-06-07T11:39:00.782Z  WARN 1 --- [servicio-pagos] [foReplicator-%d] c.n.d.s.t.d.RetryableEurekaHttpClient    : Request execution failed with message: I/O error on POST request for "http://localhost:8761/eureka/apps/SERVICIO-PAGOS": Connect to http://localhost:8761 failed: Connection refused
servicio-pagos  | 2026-06-07T11:39:00.782Z  WARN 1 --- [servicio-pagos] [foReplicator-%d] com.netflix.discovery.DiscoveryClient    : DiscoveryClient_SERVICIO-PAGOS/07e9a31ce37f:servicio-pagos:8085 - registration failed Cannot execute request on any known server
servicio-pagos  | 
servicio-pagos  | com.netflix.discovery.shared.transport.TransportException: Cannot execute request on any known server
servicio-pagos  | 	at com.netflix.discovery.shared.transport.decorator.RetryableEurekaHttpClient.execute(RetryableEurekaHttpClient.java:112) ~[eureka-client-2.0.5.jar!/:2.0.5]
servicio-pagos  | 	at com.netflix.discovery.shared.transport.decorator.EurekaHttpClientDecorator.register(EurekaHttpClientDecorator.java:56) ~[eureka-client-2.0.5.jar!/:2.0.5]
servicio-pagos  | 	at com.netflix.discovery.shared.transport.decorator.EurekaHttpClientDecorator$1.execute(EurekaHttpClientDecorator.java:59) ~[eureka-client-2.0.5.jar!/:2.0.5]
servicio-pagos  | 	at com.netflix.discovery.shared.transport.decorator.SessionedEurekaHttpClient.execute(SessionedEurekaHttpClient.java:76) ~[eureka-client-2.0.5.jar!/:2.0.5]
servicio-pagos  | 	at com.netflix.discovery.shared.transport.decorator.EurekaHttpClientDecorator.register(EurekaHttpClientDecorator.java:56) ~[eureka-client-2.0.5.jar!/:2.0.5]
servicio-pagos  | 	at com.netflix.discovery.DiscoveryClient.register(DiscoveryClient.java:828) ~[eureka-client-2.0.5.jar!/:2.0.5]
servicio-pagos  | 	at com.netflix.discovery.InstanceInfoReplicator.run(InstanceInfoReplicator.java:125) ~[eureka-client-2.0.5.jar!/:2.0.5]
servicio-pagos  | 	at com.netflix.discovery.InstanceInfoReplicator$2.run(InstanceInfoReplicator.java:105) ~[eureka-client-2.0.5.jar!/:2.0.5]
servicio-pagos  | 	at java.base/java.util.concurrent.Executors$RunnableAdapter.call(Executors.java:572) ~[na:na]
servicio-pagos  | 	at java.base/java.util.concurrent.FutureTask.run(FutureTask.java:317) ~[na:na]
servicio-pagos  | 	at java.base/java.util.concurrent.ScheduledThreadPoolExecutor$ScheduledFutureTask.run(ScheduledThreadPoolExecutor.java:304) ~[na:na]
servicio-pagos  | 	at java.base/java.util.concurrent.ThreadPoolExecutor.runWorker(ThreadPoolExecutor.java:1144) ~[na:na]
servicio-pagos  | 	at java.base/java.util.concurrent.ThreadPoolExecutor$Worker.run(ThreadPoolExecutor.java:642) ~[na:na]
servicio-pagos  | 	at java.base/java.lang.Thread.run(Thread.java:1583) ~[na:na]
servicio-pagos  | 
servicio-pagos  | 2026-06-07T11:39:00.783Z  WARN 1 --- [servicio-pagos] [foReplicator-%d] c.n.discovery.InstanceInfoReplicator     : There was a problem with the instance info replicator
servicio-pagos  | 
servicio-pagos  | com.netflix.discovery.shared.transport.TransportException: Cannot execute request on any known server
servicio-pagos  | 	at com.netflix.discovery.shared.transport.decorator.RetryableEurekaHttpClient.execute(RetryableEurekaHttpClient.java:112) ~[eureka-client-2.0.5.jar!/:2.0.5]
servicio-pagos  | 	at com.netflix.discovery.shared.transport.decorator.EurekaHttpClientDecorator.register(EurekaHttpClientDecorator.java:56) ~[eureka-client-2.0.5.jar!/:2.0.5]
servicio-pagos  | 	at com.netflix.discovery.shared.transport.decorator.EurekaHttpClientDecorator$1.execute(EurekaHttpClientDecorator.java:59) ~[eureka-client-2.0.5.jar!/:2.0.5]
servicio-pagos  | 	at com.netflix.discovery.shared.transport.decorator.SessionedEurekaHttpClient.execute(SessionedEurekaHttpClient.java:76) ~[eureka-client-2.0.5.jar!/:2.0.5]
servicio-pagos  | 	at com.netflix.discovery.shared.transport.decorator.EurekaHttpClientDecorator.register(EurekaHttpClientDecorator.java:56) ~[eureka-client-2.0.5.jar!/:2.0.5]
servicio-pagos  | 	at com.netflix.discovery.DiscoveryClient.register(DiscoveryClient.java:828) ~[eureka-client-2.0.5.jar!/:2.0.5]
servicio-pagos  | 	at com.netflix.discovery.InstanceInfoReplicator.run(InstanceInfoReplicator.java:125) ~[eureka-client-2.0.5.jar!/:2.0.5]
servicio-pagos  | 	at com.netflix.discovery.InstanceInfoReplicator$2.run(InstanceInfoReplicator.java:105) ~[eureka-client-2.0.5.jar!/:2.0.5]
servicio-pagos  | 	at java.base/java.util.concurrent.Executors$RunnableAdapter.call(Executors.java:572) ~[na:na]
servicio-pagos  | 	at java.base/java.util.concurrent.FutureTask.run(FutureTask.java:317) ~[na:na]
servicio-pagos  | 	at java.base/java.util.concurrent.ScheduledThreadPoolExecutor$ScheduledFutureTask.run(ScheduledThreadPoolExecutor.java:304) ~[na:na]
servicio-pagos  | 	at java.base/java.util.concurrent.ThreadPoolExecutor.runWorker(ThreadPoolExecutor.java:1144) ~[na:na]
servicio-pagos  | 	at java.base/java.util.concurrent.ThreadPoolExecutor$Worker.run(ThreadPoolExecutor.java:642) ~[na:na]
servicio-pagos  | 	at java.base/java.lang.Thread.run(Thread.java:1583) ~[na:na]
servicio-pagos  | 
servicio-pagos  | 2026-06-07T11:39:30.251Z  INFO 1 --- [servicio-pagos] [reshExecutor-%d] com.netflix.discovery.DiscoveryClient    : Disable delta property : false
servicio-pagos  | 2026-06-07T11:39:30.252Z  INFO 1 --- [servicio-pagos] [reshExecutor-%d] com.netflix.discovery.DiscoveryClient    : Single vip registry refresh property : null
servicio-pagos  | 2026-06-07T11:39:30.252Z  INFO 1 --- [servicio-pagos] [reshExecutor-%d] com.netflix.discovery.DiscoveryClient    : Force full registry fetch : false
servicio-pagos  | 2026-06-07T11:39:30.252Z  INFO 1 --- [servicio-pagos] [reshExecutor-%d] com.netflix.discovery.DiscoveryClient    : Application is null : false
servicio-pagos  | 2026-06-07T11:39:30.252Z  INFO 1 --- [servicio-pagos] [reshExecutor-%d] com.netflix.discovery.DiscoveryClient    : Registered Applications size is zero : true
servicio-pagos  | 2026-06-07T11:39:30.252Z  INFO 1 --- [servicio-pagos] [reshExecutor-%d] com.netflix.discovery.DiscoveryClient    : Application version is -1: true
servicio-pagos  | 2026-06-07T11:39:30.252Z  INFO 1 --- [servicio-pagos] [reshExecutor-%d] com.netflix.discovery.DiscoveryClient    : Getting all instance registry info from the eureka server
servicio-pagos  | 2026-06-07T11:39:30.262Z  INFO 1 --- [servicio-pagos] [reshExecutor-%d] c.n.d.s.t.d.RedirectingEurekaHttpClient  : Request execution error. endpoint=DefaultEndpoint{ serviceUrl='http://localhost:8761/eureka/}, exception=I/O error on GET request for "http://localhost:8761/eureka/apps/": Connect to http://localhost:8761 failed: Connection refused stacktrace=org.springframework.web.client.ResourceAccessException: I/O error on GET request for "http://localhost:8761/eureka/apps/": Connect to http://localhost:8761 failed: Connection refused
servicio-pagos  | 	at org.springframework.web.client.DefaultRestClient$DefaultRequestBodyUriSpec.createResourceAccessException(DefaultRestClient.java:779)
servicio-pagos  | 	at org.springframework.web.client.DefaultRestClient$DefaultRequestBodyUriSpec.exchangeInternal(DefaultRestClient.java:624)
servicio-pagos  | 	at org.springframework.web.client.DefaultRestClient$DefaultRequestBodyUriSpec.exchange(DefaultRestClient.java:572)
servicio-pagos  | 	at org.springframework.web.client.RestClient$RequestHeadersSpec.exchange(RestClient.java:747)
servicio-pagos  | 	at org.springframework.web.client.DefaultRestClient$DefaultResponseSpec.executeAndExtract(DefaultRestClient.java:924)
servicio-pagos  | 	at org.springframework.web.client.DefaultRestClient$DefaultResponseSpec.toEntityInternal(DefaultRestClient.java:870)
servicio-pagos  | 	at org.springframework.web.client.DefaultRestClient$DefaultResponseSpec.toEntity(DefaultRestClient.java:859)
servicio-pagos  | 	at org.springframework.cloud.netflix.eureka.http.RestClientEurekaHttpClient.getApplicationsInternal(RestClientEurekaHttpClient.java:201)
servicio-pagos  | 	at org.springframework.cloud.netflix.eureka.http.RestClientEurekaHttpClient.getApplications(RestClientEurekaHttpClient.java:137)
servicio-pagos  | 	at com.netflix.discovery.shared.transport.decorator.EurekaHttpClientDecorator$6.execute(EurekaHttpClientDecorator.java:137)
servicio-pagos  | 	at com.netflix.discovery.shared.transport.decorator.RedirectingEurekaHttpClient.executeOnNewServer(RedirectingEurekaHttpClient.java:121)
servicio-pagos  | 	at com.netflix.discovery.shared.transport.decorator.RedirectingEurekaHttpClient.execute(RedirectingEurekaHttpClient.java:80)
servicio-pagos  | 	at com.netflix.discovery.shared.transport.decorator.EurekaHttpClientDecorator.getApplications(EurekaHttpClientDecorator.java:134)
servicio-pagos  | 	at com.netflix.discovery.shared.transport.decorator.EurekaHttpClientDecorator$6.execute(EurekaHttpClientDecorator.java:137)
servicio-pagos  | 	at com.netflix.discovery.shared.transport.decorator.RetryableEurekaHttpClient.execute(RetryableEurekaHttpClient.java:120)
servicio-pagos  | 	at com.netflix.discovery.shared.transport.decorator.EurekaHttpClientDecorator.getApplications(EurekaHttpClientDecorator.java:134)
servicio-pagos  | 	at com.netflix.discovery.shared.transport.decorator.EurekaHttpClientDecorator$6.execute(EurekaHttpClientDecorator.java:137)
servicio-pagos  | 	at com.netflix.discovery.shared.transport.decorator.SessionedEurekaHttpClient.execute(SessionedEurekaHttpClient.java:76)
servicio-pagos  | 	at com.netflix.discovery.shared.transport.decorator.EurekaHttpClientDecorator.getApplications(EurekaHttpClientDecorator.java:134)
servicio-pagos  | 	at com.netflix.discovery.DiscoveryClient.getAndStoreFullRegistry(DiscoveryClient.java:1046)
servicio-pagos  | 	at com.netflix.discovery.DiscoveryClient.fetchRegistry(DiscoveryClient.java:961)
servicio-pagos  | 	at com.netflix.discovery.DiscoveryClient.refreshRegistry(DiscoveryClient.java:1474)
servicio-pagos  | 	at com.netflix.discovery.DiscoveryClient$CacheRefreshThread.run(DiscoveryClient.java:1442)
servicio-pagos  | 	at java.base/java.util.concurrent.Executors$RunnableAdapter.call(Executors.java:572)
servicio-pagos  | 	at java.base/java.util.concurrent.FutureTask.run(FutureTask.java:317)
servicio-pagos  | 	at java.base/java.util.concurrent.ThreadPoolExecutor.runWorker(ThreadPoolExecutor.java:1144)
servicio-pagos  | 	at java.base/java.util.concurrent.ThreadPoolExecutor$Worker.run(ThreadPoolExecutor.java:642)
servicio-pagos  | 	at java.base/java.lang.Thread.run(Thread.java:1583)
servicio-pagos  | Caused by: org.apache.hc.client5.http.HttpHostConnectException: Connect to http://localhost:8761 failed: Connection refused
servicio-pagos  | 	at java.base/sun.nio.ch.Net.pollConnect(Native Method)
servicio-pagos  | 	at java.base/sun.nio.ch.Net.pollConnectNow(Net.java:694)
servicio-pagos  | 	at java.base/sun.nio.ch.NioSocketImpl.timedFinishConnect(NioSocketImpl.java:542)
servicio-pagos  | 	at java.base/sun.nio.ch.NioSocketImpl.connect(NioSocketImpl.java:592)
servicio-pagos  | 	at java.base/java.net.SocksSocketImpl.connect(SocksSocketImpl.java:327)
servicio-pagos  | 	at java.base/java.net.Socket.connect(Socket.java:751)
servicio-pagos  | 	at org.apache.hc.client5.http.impl.io.DefaultHttpClientConnectionOperator.connect(DefaultHttpClientConnectionOperator.java:226)
servicio-pagos  | 	at org.apache.hc.client5.http.impl.io.PoolingHttpClientConnectionManager.connect(PoolingHttpClientConnectionManager.java:497)
servicio-pagos  | 	at org.apache.hc.client5.http.impl.classic.InternalExecRuntime.connectEndpoint(InternalExecRuntime.java:164)
servicio-pagos  | 	at org.apache.hc.client5.http.impl.classic.InternalExecRuntime.connectEndpoint(InternalExecRuntime.java:174)
servicio-pagos  | 	at org.apache.hc.client5.http.impl.classic.ConnectExec.execute(ConnectExec.java:144)
servicio-pagos  | 	at org.apache.hc.client5.http.impl.classic.ExecChainElement.execute(ExecChainElement.java:51)
servicio-pagos  | 	at org.apache.hc.client5.http.impl.classic.ProtocolExec.execute(ProtocolExec.java:195)
servicio-pagos  | 	at org.apache.hc.client5.http.impl.classic.ExecChainElement.execute(ExecChainElement.java:51)
servicio-pagos  | 	at org.apache.hc.client5.http.impl.classic.ContentCompressionExec.execute(ContentCompressionExec.java:168)
servicio-pagos  | 	at org.apache.hc.client5.http.impl.classic.ExecChainElement.execute(ExecChainElement.java:51)
servicio-pagos  | 	at org.apache.hc.client5.http.impl.classic.HttpRequestRetryExec.execute(HttpRequestRetryExec.java:112)
servicio-pagos  | 	at org.apache.hc.client5.http.impl.classic.ExecChainElement.execute(ExecChainElement.java:51)
servicio-pagos  | 	at org.apache.hc.client5.http.impl.classic.RedirectExec.execute(RedirectExec.java:110)
servicio-pagos  | 	at org.apache.hc.client5.http.impl.classic.ExecChainElement.execute(ExecChainElement.java:51)
servicio-pagos  | 	at org.apache.hc.client5.http.impl.classic.InternalHttpClient.doExecute(InternalHttpClient.java:185)
servicio-pagos  | 	at org.apache.hc.client5.http.impl.classic.CloseableHttpClient.execute(CloseableHttpClient.java:87)
servicio-pagos  | 	at org.apache.hc.client5.http.impl.classic.CloseableHttpClient.execute(CloseableHttpClient.java:55)
servicio-pagos  | 	at org.apache.hc.client5.http.classic.HttpClient.executeOpen(HttpClient.java:183)
servicio-pagos  | 	at org.springframework.http.client.HttpComponentsClientHttpRequest.executeInternal(HttpComponentsClientHttpRequest.java:99)
servicio-pagos  | 	at org.springframework.http.client.AbstractStreamingClientHttpRequest.executeInternal(AbstractStreamingClientHttpRequest.java:87)
servicio-pagos  | 	at org.springframework.http.client.AbstractClientHttpRequest.execute(AbstractClientHttpRequest.java:80)
servicio-pagos  | 	at org.springframework.http.client.AbstractBufferingClientHttpRequest.executeWithRequestAndBody(AbstractBufferingClientHttpRequest.java:89)
servicio-pagos  | 	at org.springframework.http.client.InterceptingClientHttpRequest$EndOfChainRequestExecution.execute(InterceptingClientHttpRequest.java:102)
servicio-pagos  | 	at org.springframework.cloud.netflix.eureka.http.RestClientTransportClientFactory.lambda$newClient$2(RestClientTransportClientFactory.java:98)
servicio-pagos  | 	at org.springframework.http.client.ClientHttpRequestInterceptor.lambda$apply$0(ClientHttpRequestInterceptor.java:89)
servicio-pagos  | 	at org.springframework.http.client.InterceptingClientHttpRequest.executeInternal(InterceptingClientHttpRequest.java:73)
servicio-pagos  | 	at org.springframework.http.client.AbstractBufferingClientHttpRequest.executeInternal(AbstractBufferingClientHttpRequest.java:50)
servicio-pagos  | 	at org.springframework.http.client.AbstractClientHttpRequest.execute(AbstractClientHttpRequest.java:80)
servicio-pagos  | 	at org.springframework.web.client.DefaultRestClient$DefaultRequestBodyUriSpec.exchangeInternal(DefaultRestClient.java:614)
servicio-pagos  | 	... 26 more
servicio-pagos  | 
servicio-pagos  | 2026-06-07T11:39:30.263Z  WARN 1 --- [servicio-pagos] [reshExecutor-%d] c.n.d.s.t.d.RetryableEurekaHttpClient    : Request execution failed with message: I/O error on GET request for "http://localhost:8761/eureka/apps/": Connect to http://localhost:8761 failed: Connection refused
servicio-pagos  | 2026-06-07T11:39:30.265Z  INFO 1 --- [servicio-pagos] [reshExecutor-%d] com.netflix.discovery.DiscoveryClient    : DiscoveryClient_SERVICIO-PAGOS/07e9a31ce37f:servicio-pagos:8085 - was unable to refresh its cache! This periodic background refresh will be retried in 30 seconds. status = Cannot execute request on any known server stacktrace = com.netflix.discovery.shared.transport.TransportException: Cannot execute request on any known server
servicio-pagos  | 	at com.netflix.discovery.shared.transport.decorator.RetryableEurekaHttpClient.execute(RetryableEurekaHttpClient.java:112)
servicio-pagos  | 	at com.netflix.discovery.shared.transport.decorator.EurekaHttpClientDecorator.getApplications(EurekaHttpClientDecorator.java:134)
servicio-pagos  | 	at com.netflix.discovery.shared.transport.decorator.EurekaHttpClientDecorator$6.execute(EurekaHttpClientDecorator.java:137)
servicio-pagos  | 	at com.netflix.discovery.shared.transport.decorator.SessionedEurekaHttpClient.execute(SessionedEurekaHttpClient.java:76)
servicio-pagos  | 	at com.netflix.discovery.shared.transport.decorator.EurekaHttpClientDecorator.getApplications(EurekaHttpClientDecorator.java:134)
servicio-pagos  | 	at com.netflix.discovery.DiscoveryClient.getAndStoreFullRegistry(DiscoveryClient.java:1046)
servicio-pagos  | 	at com.netflix.discovery.DiscoveryClient.fetchRegistry(DiscoveryClient.java:961)
servicio-pagos  | 	at com.netflix.discovery.DiscoveryClient.refreshRegistry(DiscoveryClient.java:1474)
servicio-pagos  | 	at com.netflix.discovery.DiscoveryClient$CacheRefreshThread.run(DiscoveryClient.java:1442)
servicio-pagos  | 	at java.base/java.util.concurrent.Executors$RunnableAdapter.call(Executors.java:572)
servicio-pagos  | 	at java.base/java.util.concurrent.FutureTask.run(FutureTask.java:317)
servicio-pagos  | 	at java.base/java.util.concurrent.ThreadPoolExecutor.runWorker(ThreadPoolExecutor.java:1144)
servicio-pagos  | 	at java.base/java.util.concurrent.ThreadPoolExecutor$Worker.run(ThreadPoolExecutor.java:642)
servicio-pagos  | 	at java.base/java.lang.Thread.run(Thread.java:1583)
servicio-pagos  | 
servicio-pagos  | 2026-06-07T11:39:30.276Z  INFO 1 --- [servicio-pagos] [beatExecutor-%d] c.n.d.s.t.d.RedirectingEurekaHttpClient  : Request execution error. endpoint=DefaultEndpoint{ serviceUrl='http://localhost:8761/eureka/}, exception=I/O error on PUT request for "http://localhost:8761/eureka/apps/SERVICIO-PAGOS/07e9a31ce37f:servicio-pagos:8085": Connect to http://localhost:8761 failed: Connection refused stacktrace=org.springframework.web.client.ResourceAccessException: I/O error on PUT request for "http://localhost:8761/eureka/apps/SERVICIO-PAGOS/07e9a31ce37f:servicio-pagos:8085": Connect to http://localhost:8761 failed: Connection refused
servicio-pagos  | 	at org.springframework.web.client.DefaultRestClient$DefaultRequestBodyUriSpec.createResourceAccessException(DefaultRestClient.java:779)
servicio-pagos  | 	at org.springframework.web.client.DefaultRestClient$DefaultRequestBodyUriSpec.exchangeInternal(DefaultRestClient.java:624)
servicio-pagos  | 	at org.springframework.web.client.DefaultRestClient$DefaultRequestBodyUriSpec.exchange(DefaultRestClient.java:572)
servicio-pagos  | 	at org.springframework.web.client.RestClient$RequestHeadersSpec.exchange(RestClient.java:747)
servicio-pagos  | 	at org.springframework.web.client.DefaultRestClient$DefaultResponseSpec.executeAndExtract(DefaultRestClient.java:924)
servicio-pagos  | 	at org.springframework.web.client.DefaultRestClient$DefaultResponseSpec.toEntityInternal(DefaultRestClient.java:870)
servicio-pagos  | 	at org.springframework.web.client.DefaultRestClient$DefaultResponseSpec.toEntity(DefaultRestClient.java:859)
servicio-pagos  | 	at org.springframework.cloud.netflix.eureka.http.RestClientEurekaHttpClient.sendHeartBeat(RestClientEurekaHttpClient.java:91)
servicio-pagos  | 	at com.netflix.discovery.shared.transport.decorator.EurekaHttpClientDecorator$3.execute(EurekaHttpClientDecorator.java:92)
servicio-pagos  | 	at com.netflix.discovery.shared.transport.decorator.RedirectingEurekaHttpClient.executeOnNewServer(RedirectingEurekaHttpClient.java:121)
servicio-pagos  | 	at com.netflix.discovery.shared.transport.decorator.RedirectingEurekaHttpClient.execute(RedirectingEurekaHttpClient.java:80)
servicio-pagos  | 	at com.netflix.discovery.shared.transport.decorator.EurekaHttpClientDecorator.sendHeartBeat(EurekaHttpClientDecorator.java:89)
servicio-pagos  | 	at com.netflix.discovery.shared.transport.decorator.EurekaHttpClientDecorator$3.execute(EurekaHttpClientDecorator.java:92)
servicio-pagos  | 	at com.netflix.discovery.shared.transport.decorator.RetryableEurekaHttpClient.execute(RetryableEurekaHttpClient.java:120)
servicio-pagos  | 	at com.netflix.discovery.shared.transport.decorator.EurekaHttpClientDecorator.sendHeartBeat(EurekaHttpClientDecorator.java:89)
servicio-pagos  | 	at com.netflix.discovery.shared.transport.decorator.EurekaHttpClientDecorator$3.execute(EurekaHttpClientDecorator.java:92)
servicio-pagos  | 	at com.netflix.discovery.shared.transport.decorator.SessionedEurekaHttpClient.execute(SessionedEurekaHttpClient.java:76)
servicio-pagos  | 	at com.netflix.discovery.shared.transport.decorator.EurekaHttpClientDecorator.sendHeartBeat(EurekaHttpClientDecorator.java:89)
servicio-pagos  | 	at com.netflix.discovery.DiscoveryClient.renew(DiscoveryClient.java:845)
servicio-pagos  | 	at com.netflix.discovery.DiscoveryClient$HeartbeatThread.run(DiscoveryClient.java:1403)
servicio-pagos  | 	at java.base/java.util.concurrent.Executors$RunnableAdapter.call(Executors.java:572)
servicio-pagos  | 	at java.base/java.util.concurrent.FutureTask.run(FutureTask.java:317)
servicio-pagos  | 	at java.base/java.util.concurrent.ThreadPoolExecutor.runWorker(ThreadPoolExecutor.java:1144)
servicio-pagos  | 	at java.base/java.util.concurrent.ThreadPoolExecutor$Worker.run(ThreadPoolExecutor.java:642)
servicio-pagos  | 	at java.base/java.lang.Thread.run(Thread.java:1583)
servicio-pagos  | Caused by: org.apache.hc.client5.http.HttpHostConnectException: Connect to http://localhost:8761 failed: Connection refused
servicio-pagos  | 	at java.base/sun.nio.ch.Net.pollConnect(Native Method)
servicio-pagos  | 	at java.base/sun.nio.ch.Net.pollConnectNow(Net.java:694)
servicio-pagos  | 	at java.base/sun.nio.ch.NioSocketImpl.timedFinishConnect(NioSocketImpl.java:542)
servicio-pagos  | 	at java.base/sun.nio.ch.NioSocketImpl.connect(NioSocketImpl.java:592)
servicio-pagos  | 	at java.base/java.net.SocksSocketImpl.connect(SocksSocketImpl.java:327)
servicio-pagos  | 	at java.base/java.net.Socket.connect(Socket.java:751)
servicio-pagos  | 	at org.apache.hc.client5.http.impl.io.DefaultHttpClientConnectionOperator.connect(DefaultHttpClientConnectionOperator.java:226)
servicio-pagos  | 	at org.apache.hc.client5.http.impl.io.PoolingHttpClientConnectionManager.connect(PoolingHttpClientConnectionManager.java:497)
servicio-pagos  | 	at org.apache.hc.client5.http.impl.classic.InternalExecRuntime.connectEndpoint(InternalExecRuntime.java:164)
servicio-pagos  | 	at org.apache.hc.client5.http.impl.classic.InternalExecRuntime.connectEndpoint(InternalExecRuntime.java:174)
servicio-pagos  | 	at org.apache.hc.client5.http.impl.classic.ConnectExec.execute(ConnectExec.java:144)
servicio-pagos  | 	at org.apache.hc.client5.http.impl.classic.ExecChainElement.execute(ExecChainElement.java:51)
servicio-pagos  | 	at org.apache.hc.client5.http.impl.classic.ProtocolExec.execute(ProtocolExec.java:195)
servicio-pagos  | 	at org.apache.hc.client5.http.impl.classic.ExecChainElement.execute(ExecChainElement.java:51)
servicio-pagos  | 	at org.apache.hc.client5.http.impl.classic.ContentCompressionExec.execute(ContentCompressionExec.java:168)
servicio-pagos  | 	at org.apache.hc.client5.http.impl.classic.ExecChainElement.execute(ExecChainElement.java:51)
servicio-pagos  | 	at org.apache.hc.client5.http.impl.classic.HttpRequestRetryExec.execute(HttpRequestRetryExec.java:112)
servicio-pagos  | 	at org.apache.hc.client5.http.impl.classic.ExecChainElement.execute(ExecChainElement.java:51)
servicio-pagos  | 	at org.apache.hc.client5.http.impl.classic.RedirectExec.execute(RedirectExec.java:110)
servicio-pagos  | 	at org.apache.hc.client5.http.impl.classic.ExecChainElement.execute(ExecChainElement.java:51)
servicio-pagos  | 	at org.apache.hc.client5.http.impl.classic.InternalHttpClient.doExecute(InternalHttpClient.java:185)
servicio-pagos  | 	at org.apache.hc.client5.http.impl.classic.CloseableHttpClient.execute(CloseableHttpClient.java:87)
servicio-pagos  | 	at org.apache.hc.client5.http.impl.classic.CloseableHttpClient.execute(CloseableHttpClient.java:55)
servicio-pagos  | 	at org.apache.hc.client5.http.classic.HttpClient.executeOpen(HttpClient.java:183)
servicio-pagos  | 	at org.springframework.http.client.HttpComponentsClientHttpRequest.executeInternal(HttpComponentsClientHttpRequest.java:99)
servicio-pagos  | 	at org.springframework.http.client.AbstractStreamingClientHttpRequest.executeInternal(AbstractStreamingClientHttpRequest.java:87)
servicio-pagos  | 	at org.springframework.http.client.AbstractClientHttpRequest.execute(AbstractClientHttpRequest.java:80)
servicio-pagos  | 	at org.springframework.http.client.AbstractBufferingClientHttpRequest.executeWithRequestAndBody(AbstractBufferingClientHttpRequest.java:89)
servicio-pagos  | 	at org.springframework.http.client.InterceptingClientHttpRequest$EndOfChainRequestExecution.execute(InterceptingClientHttpRequest.java:102)
servicio-pagos  | 	at org.springframework.cloud.netflix.eureka.http.RestClientTransportClientFactory.lambda$newClient$2(RestClientTransportClientFactory.java:98)
servicio-pagos  | 	at org.springframework.http.client.ClientHttpRequestInterceptor.lambda$apply$0(ClientHttpRequestInterceptor.java:89)
servicio-pagos  | 	at org.springframework.http.client.InterceptingClientHttpRequest.executeInternal(InterceptingClientHttpRequest.java:73)
servicio-pagos  | 	at org.springframework.http.client.AbstractBufferingClientHttpRequest.executeInternal(AbstractBufferingClientHttpRequest.java:50)
servicio-pagos  | 	at org.springframework.http.client.AbstractClientHttpRequest.execute(AbstractClientHttpRequest.java:80)
servicio-pagos  | 	at org.springframework.web.client.DefaultRestClient$DefaultRequestBodyUriSpec.exchangeInternal(DefaultRestClient.java:614)
servicio-pagos  | 	... 23 more
servicio-pagos  | 
servicio-pagos  | 2026-06-07T11:39:30.276Z  WARN 1 --- [servicio-pagos] [beatExecutor-%d] c.n.d.s.t.d.RetryableEurekaHttpClient    : Request execution failed with message: I/O error on PUT request for "http://localhost:8761/eureka/apps/SERVICIO-PAGOS/07e9a31ce37f:servicio-pagos:8085": Connect to http://localhost:8761 failed: Connection refused
servicio-pagos  | 2026-06-07T11:39:30.276Z ERROR 1 --- [servicio-pagos] [beatExecutor-%d] com.netflix.discovery.DiscoveryClient    : DiscoveryClient_SERVICIO-PAGOS/07e9a31ce37f:servicio-pagos:8085 - was unable to send heartbeat!
servicio-pagos  | 
servicio-pagos  | com.netflix.discovery.shared.transport.TransportException: Cannot execute request on any known server
servicio-pagos  | 	at com.netflix.discovery.shared.transport.decorator.RetryableEurekaHttpClient.execute(RetryableEurekaHttpClient.java:112) ~[eureka-client-2.0.5.jar!/:2.0.5]
servicio-pagos  | 	at com.netflix.discovery.shared.transport.decorator.EurekaHttpClientDecorator.sendHeartBeat(EurekaHttpClientDecorator.java:89) ~[eureka-client-2.0.5.jar!/:2.0.5]
servicio-pagos  | 	at com.netflix.discovery.shared.transport.decorator.EurekaHttpClientDecorator$3.execute(EurekaHttpClientDecorator.java:92) ~[eureka-client-2.0.5.jar!/:2.0.5]
servicio-pagos  | 	at com.netflix.discovery.shared.transport.decorator.SessionedEurekaHttpClient.execute(SessionedEurekaHttpClient.java:76) ~[eureka-client-2.0.5.jar!/:2.0.5]
servicio-pagos  | 	at com.netflix.discovery.shared.transport.decorator.EurekaHttpClientDecorator.sendHeartBeat(EurekaHttpClientDecorator.java:89) ~[eureka-client-2.0.5.jar!/:2.0.5]
servicio-pagos  | 	at com.netflix.discovery.DiscoveryClient.renew(DiscoveryClient.java:845) ~[eureka-client-2.0.5.jar!/:2.0.5]
servicio-pagos  | 	at com.netflix.discovery.DiscoveryClient$HeartbeatThread.run(DiscoveryClient.java:1403) ~[eureka-client-2.0.5.jar!/:2.0.5]
servicio-pagos  | 	at java.base/java.util.concurrent.Executors$RunnableAdapter.call(Executors.java:572) ~[na:na]
servicio-pagos  | 	at java.base/java.util.concurrent.FutureTask.run(FutureTask.java:317) ~[na:na]
servicio-pagos  | 	at java.base/java.util.concurrent.ThreadPoolExecutor.runWorker(ThreadPoolExecutor.java:1144) ~[na:na]
servicio-pagos  | 	at java.base/java.util.concurrent.ThreadPoolExecutor$Worker.run(ThreadPoolExecutor.java:642) ~[na:na]
servicio-pagos  | 	at java.base/java.lang.Thread.run(Thread.java:1583) ~[na:na]
servicio-pagos  | 
servicio-pagos  | 2026-06-07T11:39:30.781Z  INFO 1 --- [servicio-pagos] [foReplicator-%d] com.netflix.discovery.DiscoveryClient    : DiscoveryClient_SERVICIO-PAGOS/07e9a31ce37f:servicio-pagos:8085: registering service...
servicio-pagos  | 2026-06-07T11:39:30.796Z  INFO 1 --- [servicio-pagos] [foReplicator-%d] c.n.d.s.t.d.RedirectingEurekaHttpClient  : Request execution error. endpoint=DefaultEndpoint{ serviceUrl='http://localhost:8761/eureka/}, exception=I/O error on POST request for "http://localhost:8761/eureka/apps/SERVICIO-PAGOS": Connect to http://localhost:8761 failed: Connection refused stacktrace=org.springframework.web.client.ResourceAccessException: I/O error on POST request for "http://localhost:8761/eureka/apps/SERVICIO-PAGOS": Connect to http://localhost:8761 failed: Connection refused
servicio-pagos  | 	at org.springframework.web.client.DefaultRestClient$DefaultRequestBodyUriSpec.createResourceAccessException(DefaultRestClient.java:779)
servicio-pagos  | 	at org.springframework.web.client.DefaultRestClient$DefaultRequestBodyUriSpec.exchangeInternal(DefaultRestClient.java:624)
servicio-pagos  | 	at org.springframework.web.client.DefaultRestClient$DefaultRequestBodyUriSpec.exchange(DefaultRestClient.java:572)
servicio-pagos  | 	at org.springframework.web.client.RestClient$RequestHeadersSpec.exchange(RestClient.java:747)
servicio-pagos  | 	at org.springframework.web.client.DefaultRestClient$DefaultResponseSpec.executeAndExtract(DefaultRestClient.java:924)
servicio-pagos  | 	at org.springframework.web.client.DefaultRestClient$DefaultResponseSpec.toBodilessEntity(DefaultRestClient.java:888)
servicio-pagos  | 	at org.springframework.cloud.netflix.eureka.http.RestClientEurekaHttpClient.register(RestClientEurekaHttpClient.java:64)
servicio-pagos  | 	at com.netflix.discovery.shared.transport.decorator.EurekaHttpClientDecorator$1.execute(EurekaHttpClientDecorator.java:59)
servicio-pagos  | 	at com.netflix.discovery.shared.transport.decorator.RedirectingEurekaHttpClient.executeOnNewServer(RedirectingEurekaHttpClient.java:121)
servicio-pagos  | 	at com.netflix.discovery.shared.transport.decorator.RedirectingEurekaHttpClient.execute(RedirectingEurekaHttpClient.java:80)
servicio-pagos  | 	at com.netflix.discovery.shared.transport.decorator.EurekaHttpClientDecorator.register(EurekaHttpClientDecorator.java:56)
servicio-pagos  | 	at com.netflix.discovery.shared.transport.decorator.EurekaHttpClientDecorator$1.execute(EurekaHttpClientDecorator.java:59)
servicio-pagos  | 	at com.netflix.discovery.shared.transport.decorator.RetryableEurekaHttpClient.execute(RetryableEurekaHttpClient.java:120)
servicio-pagos  | 	at com.netflix.discovery.shared.transport.decorator.EurekaHttpClientDecorator.register(EurekaHttpClientDecorator.java:56)
servicio-pagos  | 	at com.netflix.discovery.shared.transport.decorator.EurekaHttpClientDecorator$1.execute(EurekaHttpClientDecorator.java:59)
servicio-pagos  | 	at com.netflix.discovery.shared.transport.decorator.SessionedEurekaHttpClient.execute(SessionedEurekaHttpClient.java:76)
servicio-pagos  | 	at com.netflix.discovery.shared.transport.decorator.EurekaHttpClientDecorator.register(EurekaHttpClientDecorator.java:56)
servicio-pagos  | 	at com.netflix.discovery.DiscoveryClient.register(DiscoveryClient.java:828)
servicio-pagos  | 	at com.netflix.discovery.InstanceInfoReplicator.run(InstanceInfoReplicator.java:125)
servicio-pagos  | 	at java.base/java.util.concurrent.Executors$RunnableAdapter.call(Executors.java:572)
servicio-pagos  | 	at java.base/java.util.concurrent.FutureTask.run(FutureTask.java:317)
servicio-pagos  | 	at java.base/java.util.concurrent.ScheduledThreadPoolExecutor$ScheduledFutureTask.run(ScheduledThreadPoolExecutor.java:304)
servicio-pagos  | 	at java.base/java.util.concurrent.ThreadPoolExecutor.runWorker(ThreadPoolExecutor.java:1144)
servicio-pagos  | 	at java.base/java.util.concurrent.ThreadPoolExecutor$Worker.run(ThreadPoolExecutor.java:642)
servicio-pagos  | 	at java.base/java.lang.Thread.run(Thread.java:1583)
servicio-pagos  | Caused by: org.apache.hc.client5.http.HttpHostConnectException: Connect to http://localhost:8761 failed: Connection refused
servicio-pagos  | 	at java.base/sun.nio.ch.Net.pollConnect(Native Method)
servicio-pagos  | 	at java.base/sun.nio.ch.Net.pollConnectNow(Net.java:694)
servicio-pagos  | 	at java.base/sun.nio.ch.NioSocketImpl.timedFinishConnect(NioSocketImpl.java:542)
servicio-pagos  | 	at java.base/sun.nio.ch.NioSocketImpl.connect(NioSocketImpl.java:592)
servicio-pagos  | 	at java.base/java.net.SocksSocketImpl.connect(SocksSocketImpl.java:327)
servicio-pagos  | 	at java.base/java.net.Socket.connect(Socket.java:751)
servicio-pagos  | 	at org.apache.hc.client5.http.impl.io.DefaultHttpClientConnectionOperator.connect(DefaultHttpClientConnectionOperator.java:226)
servicio-pagos  | 	at org.apache.hc.client5.http.impl.io.PoolingHttpClientConnectionManager.connect(PoolingHttpClientConnectionManager.java:497)
servicio-pagos  | 	at org.apache.hc.client5.http.impl.classic.InternalExecRuntime.connectEndpoint(InternalExecRuntime.java:164)
servicio-pagos  | 	at org.apache.hc.client5.http.impl.classic.InternalExecRuntime.connectEndpoint(InternalExecRuntime.java:174)
servicio-pagos  | 	at org.apache.hc.client5.http.impl.classic.ConnectExec.execute(ConnectExec.java:144)
servicio-pagos  | 	at org.apache.hc.client5.http.impl.classic.ExecChainElement.execute(ExecChainElement.java:51)
servicio-pagos  | 	at org.apache.hc.client5.http.impl.classic.ProtocolExec.execute(ProtocolExec.java:195)
servicio-pagos  | 	at org.apache.hc.client5.http.impl.classic.ExecChainElement.execute(ExecChainElement.java:51)
servicio-pagos  | 	at org.apache.hc.client5.http.impl.classic.ContentCompressionExec.execute(ContentCompressionExec.java:168)
servicio-pagos  | 	at org.apache.hc.client5.http.impl.classic.ExecChainElement.execute(ExecChainElement.java:51)
servicio-pagos  | 	at org.apache.hc.client5.http.impl.classic.HttpRequestRetryExec.execute(HttpRequestRetryExec.java:112)
servicio-pagos  | 	at org.apache.hc.client5.http.impl.classic.ExecChainElement.execute(ExecChainElement.java:51)
servicio-pagos  | 	at org.apache.hc.client5.http.impl.classic.RedirectExec.execute(RedirectExec.java:110)
servicio-pagos  | 	at org.apache.hc.client5.http.impl.classic.ExecChainElement.execute(ExecChainElement.java:51)
servicio-pagos  | 	at org.apache.hc.client5.http.impl.classic.InternalHttpClient.doExecute(InternalHttpClient.java:185)
servicio-pagos  | 	at org.apache.hc.client5.http.impl.classic.CloseableHttpClient.execute(CloseableHttpClient.java:87)
servicio-pagos  | 	at org.apache.hc.client5.http.impl.classic.CloseableHttpClient.execute(CloseableHttpClient.java:55)
servicio-pagos  | 	at org.apache.hc.client5.http.classic.HttpClient.executeOpen(HttpClient.java:183)
servicio-pagos  | 	at org.springframework.http.client.HttpComponentsClientHttpRequest.executeInternal(HttpComponentsClientHttpRequest.java:99)
servicio-pagos  | 	at org.springframework.http.client.AbstractStreamingClientHttpRequest.executeInternal(AbstractStreamingClientHttpRequest.java:87)
servicio-pagos  | 	at org.springframework.http.client.AbstractClientHttpRequest.execute(AbstractClientHttpRequest.java:80)
servicio-pagos  | 	at org.springframework.http.client.AbstractBufferingClientHttpRequest.executeWithRequestAndBody(AbstractBufferingClientHttpRequest.java:89)
servicio-pagos  | 	at org.springframework.http.client.InterceptingClientHttpRequest$EndOfChainRequestExecution.execute(InterceptingClientHttpRequest.java:102)
servicio-pagos  | 	at org.springframework.cloud.netflix.eureka.http.RestClientTransportClientFactory.lambda$newClient$2(RestClientTransportClientFactory.java:98)
servicio-pagos  | 	at org.springframework.http.client.ClientHttpRequestInterceptor.lambda$apply$0(ClientHttpRequestInterceptor.java:89)
servicio-pagos  | 	at org.springframework.http.client.InterceptingClientHttpRequest.executeInternal(InterceptingClientHttpRequest.java:73)
servicio-pagos  | 	at org.springframework.http.client.AbstractBufferingClientHttpRequest.executeInternal(AbstractBufferingClientHttpRequest.java:50)
servicio-pagos  | 	at org.springframework.http.client.AbstractClientHttpRequest.execute(AbstractClientHttpRequest.java:80)
servicio-pagos  | 	at org.springframework.web.client.DefaultRestClient$DefaultRequestBodyUriSpec.exchangeInternal(DefaultRestClient.java:614)
servicio-pagos  | 	... 23 more
servicio-pagos  | 
servicio-pagos  | 2026-06-07T11:39:30.796Z  WARN 1 --- [servicio-pagos] [foReplicator-%d] c.n.d.s.t.d.RetryableEurekaHttpClient    : Request execution failed with message: I/O error on POST request for "http://localhost:8761/eureka/apps/SERVICIO-PAGOS": Connect to http://localhost:8761 failed: Connection refused
servicio-pagos  | 2026-06-07T11:39:30.799Z  WARN 1 --- [servicio-pagos] [foReplicator-%d] com.netflix.discovery.DiscoveryClient    : DiscoveryClient_SERVICIO-PAGOS/07e9a31ce37f:servicio-pagos:8085 - registration failed Cannot execute request on any known server
servicio-pagos  | 
servicio-pagos  | com.netflix.discovery.shared.transport.TransportException: Cannot execute request on any known server
servicio-pagos  | 	at com.netflix.discovery.shared.transport.decorator.RetryableEurekaHttpClient.execute(RetryableEurekaHttpClient.java:112) ~[eureka-client-2.0.5.jar!/:2.0.5]
servicio-pagos  | 	at com.netflix.discovery.shared.transport.decorator.EurekaHttpClientDecorator.register(EurekaHttpClientDecorator.java:56) ~[eureka-client-2.0.5.jar!/:2.0.5]
servicio-pagos  | 	at com.netflix.discovery.shared.transport.decorator.EurekaHttpClientDecorator$1.execute(EurekaHttpClientDecorator.java:59) ~[eureka-client-2.0.5.jar!/:2.0.5]
servicio-pagos  | 	at com.netflix.discovery.shared.transport.decorator.SessionedEurekaHttpClient.execute(SessionedEurekaHttpClient.java:76) ~[eureka-client-2.0.5.jar!/:2.0.5]
servicio-pagos  | 	at com.netflix.discovery.shared.transport.decorator.EurekaHttpClientDecorator.register(EurekaHttpClientDecorator.java:56) ~[eureka-client-2.0.5.jar!/:2.0.5]
servicio-pagos  | 	at com.netflix.discovery.DiscoveryClient.register(DiscoveryClient.java:828) ~[eureka-client-2.0.5.jar!/:2.0.5]
servicio-pagos  | 	at com.netflix.discovery.InstanceInfoReplicator.run(InstanceInfoReplicator.java:125) ~[eureka-client-2.0.5.jar!/:2.0.5]
servicio-pagos  | 	at java.base/java.util.concurrent.Executors$RunnableAdapter.call(Executors.java:572) ~[na:na]
servicio-pagos  | 	at java.base/java.util.concurrent.FutureTask.run(FutureTask.java:317) ~[na:na]
servicio-pagos  | 	at java.base/java.util.concurrent.ScheduledThreadPoolExecutor$ScheduledFutureTask.run(ScheduledThreadPoolExecutor.java:304) ~[na:na]
servicio-pagos  | 	at java.base/java.util.concurrent.ThreadPoolExecutor.runWorker(ThreadPoolExecutor.java:1144) ~[na:na]
servicio-pagos  | 	at java.base/java.util.concurrent.ThreadPoolExecutor$Worker.run(ThreadPoolExecutor.java:642) ~[na:na]
servicio-pagos  | 	at java.base/java.lang.Thread.run(Thread.java:1583) ~[na:na]
servicio-pagos  | 
servicio-pagos  | 2026-06-07T11:39:30.801Z  WARN 1 --- [servicio-pagos] [foReplicator-%d] c.n.discovery.InstanceInfoReplicator     : There was a problem with the instance info replicator
servicio-pagos  | 
servicio-pagos  | com.netflix.discovery.shared.transport.TransportException: Cannot execute request on any known server
servicio-pagos  | 	at com.netflix.discovery.shared.transport.decorator.RetryableEurekaHttpClient.execute(RetryableEurekaHttpClient.java:112) ~[eureka-client-2.0.5.jar!/:2.0.5]
servicio-pagos  | 	at com.netflix.discovery.shared.transport.decorator.EurekaHttpClientDecorator.register(EurekaHttpClientDecorator.java:56) ~[eureka-client-2.0.5.jar!/:2.0.5]
servicio-pagos  | 	at com.netflix.discovery.shared.transport.decorator.EurekaHttpClientDecorator$1.execute(EurekaHttpClientDecorator.java:59) ~[eureka-client-2.0.5.jar!/:2.0.5]
servicio-pagos  | 	at com.netflix.discovery.shared.transport.decorator.SessionedEurekaHttpClient.execute(SessionedEurekaHttpClient.java:76) ~[eureka-client-2.0.5.jar!/:2.0.5]
servicio-pagos  | 	at com.netflix.discovery.shared.transport.decorator.EurekaHttpClientDecorator.register(EurekaHttpClientDecorator.java:56) ~[eureka-client-2.0.5.jar!/:2.0.5]
servicio-pagos  | 	at com.netflix.discovery.DiscoveryClient.register(DiscoveryClient.java:828) ~[eureka-client-2.0.5.jar!/:2.0.5]
servicio-pagos  | 	at com.netflix.discovery.InstanceInfoReplicator.run(InstanceInfoReplicator.java:125) ~[eureka-client-2.0.5.jar!/:2.0.5]
servicio-pagos  | 	at java.base/java.util.concurrent.Executors$RunnableAdapter.call(Executors.java:572) ~[na:na]
servicio-pagos  | 	at java.base/java.util.concurrent.FutureTask.run(FutureTask.java:317) ~[na:na]
servicio-pagos  | 	at java.base/java.util.concurrent.ScheduledThreadPoolExecutor$ScheduledFutureTask.run(ScheduledThreadPoolExecutor.java:304) ~[na:na]
servicio-pagos  | 	at java.base/java.util.concurrent.ThreadPoolExecutor.runWorker(ThreadPoolExecutor.java:1144) ~[na:na]
servicio-pagos  | 	at java.base/java.util.concurrent.ThreadPoolExecutor$Worker.run(ThreadPoolExecutor.java:642) ~[na:na]
servicio-pagos  | 	at java.base/java.lang.Thread.run(Thread.java:1583) ~[na:na]
servicio-pagos  | 
servicio-pagos  | 2026-06-07T11:40:00.264Z  INFO 1 --- [servicio-pagos] [reshExecutor-%d] com.netflix.discovery.DiscoveryClient    : Disable delta property : false
servicio-pagos  | 2026-06-07T11:40:00.265Z  INFO 1 --- [servicio-pagos] [reshExecutor-%d] com.netflix.discovery.DiscoveryClient    : Single vip registry refresh property : null
servicio-pagos  | 2026-06-07T11:40:00.265Z  INFO 1 --- [servicio-pagos] [reshExecutor-%d] com.netflix.discovery.DiscoveryClient    : Force full registry fetch : false
servicio-pagos  | 2026-06-07T11:40:00.266Z  INFO 1 --- [servicio-pagos] [reshExecutor-%d] com.netflix.discovery.DiscoveryClient    : Application is null : false
servicio-pagos  | 2026-06-07T11:40:00.266Z  INFO 1 --- [servicio-pagos] [reshExecutor-%d] com.netflix.discovery.DiscoveryClient    : Registered Applications size is zero : true
servicio-pagos  | 2026-06-07T11:40:00.266Z  INFO 1 --- [servicio-pagos] [reshExecutor-%d] com.netflix.discovery.DiscoveryClient    : Application version is -1: true
servicio-pagos  | 2026-06-07T11:40:00.266Z  INFO 1 --- [servicio-pagos] [reshExecutor-%d] com.netflix.discovery.DiscoveryClient    : Getting all instance registry info from the eureka server
servicio-pagos  | 2026-06-07T11:40:00.297Z  INFO 1 --- [servicio-pagos] [reshExecutor-%d] c.n.d.s.t.d.RedirectingEurekaHttpClient  : Request execution error. endpoint=DefaultEndpoint{ serviceUrl='http://localhost:8761/eureka/}, exception=I/O error on GET request for "http://localhost:8761/eureka/apps/": Connect to http://localhost:8761 failed: Connection refused stacktrace=org.springframework.web.client.ResourceAccessException: I/O error on GET request for "http://localhost:8761/eureka/apps/": Connect to http://localhost:8761 failed: Connection refused
servicio-pagos  | 	at org.springframework.web.client.DefaultRestClient$DefaultRequestBodyUriSpec.createResourceAccessException(DefaultRestClient.java:779)
servicio-pagos  | 	at org.springframework.web.client.DefaultRestClient$DefaultRequestBodyUriSpec.exchangeInternal(DefaultRestClient.java:624)
servicio-pagos  | 	at org.springframework.web.client.DefaultRestClient$DefaultRequestBodyUriSpec.exchange(DefaultRestClient.java:572)
servicio-pagos  | 	at org.springframework.web.client.RestClient$RequestHeadersSpec.exchange(RestClient.java:747)
servicio-pagos  | 	at org.springframework.web.client.DefaultRestClient$DefaultResponseSpec.executeAndExtract(DefaultRestClient.java:924)
servicio-pagos  | 	at org.springframework.web.client.DefaultRestClient$DefaultResponseSpec.toEntityInternal(DefaultRestClient.java:870)
servicio-pagos  | 	at org.springframework.web.client.DefaultRestClient$DefaultResponseSpec.toEntity(DefaultRestClient.java:859)
servicio-pagos  | 	at org.springframework.cloud.netflix.eureka.http.RestClientEurekaHttpClient.getApplicationsInternal(RestClientEurekaHttpClient.java:201)
servicio-pagos  | 	at org.springframework.cloud.netflix.eureka.http.RestClientEurekaHttpClient.getApplications(RestClientEurekaHttpClient.java:137)
servicio-pagos  | 	at com.netflix.discovery.shared.transport.decorator.EurekaHttpClientDecorator$6.execute(EurekaHttpClientDecorator.java:137)
servicio-pagos  | 	at com.netflix.discovery.shared.transport.decorator.RedirectingEurekaHttpClient.executeOnNewServer(RedirectingEurekaHttpClient.java:121)
servicio-pagos  | 	at com.netflix.discovery.shared.transport.decorator.RedirectingEurekaHttpClient.execute(RedirectingEurekaHttpClient.java:80)
servicio-pagos  | 	at com.netflix.discovery.shared.transport.decorator.EurekaHttpClientDecorator.getApplications(EurekaHttpClientDecorator.java:134)
servicio-pagos  | 	at com.netflix.discovery.shared.transport.decorator.EurekaHttpClientDecorator$6.execute(EurekaHttpClientDecorator.java:137)
servicio-pagos  | 	at com.netflix.discovery.shared.transport.decorator.RetryableEurekaHttpClient.execute(RetryableEurekaHttpClient.java:120)
servicio-pagos  | 	at com.netflix.discovery.shared.transport.decorator.EurekaHttpClientDecorator.getApplications(EurekaHttpClientDecorator.java:134)
servicio-pagos  | 	at com.netflix.discovery.shared.transport.decorator.EurekaHttpClientDecorator$6.execute(EurekaHttpClientDecorator.java:137)
servicio-pagos  | 	at com.netflix.discovery.shared.transport.decorator.SessionedEurekaHttpClient.execute(SessionedEurekaHttpClient.java:76)
servicio-pagos  | 	at com.netflix.discovery.shared.transport.decorator.EurekaHttpClientDecorator.getApplications(EurekaHttpClientDecorator.java:134)
servicio-pagos  | 	at com.netflix.discovery.DiscoveryClient.getAndStoreFullRegistry(DiscoveryClient.java:1046)
servicio-pagos  | 	at com.netflix.discovery.DiscoveryClient.fetchRegistry(DiscoveryClient.java:961)
servicio-pagos  | 	at com.netflix.discovery.DiscoveryClient.refreshRegistry(DiscoveryClient.java:1474)
servicio-pagos  | 	at com.netflix.discovery.DiscoveryClient$CacheRefreshThread.run(DiscoveryClient.java:1442)
servicio-pagos  | 	at java.base/java.util.concurrent.Executors$RunnableAdapter.call(Executors.java:572)
servicio-pagos  | 	at java.base/java.util.concurrent.FutureTask.run(FutureTask.java:317)
servicio-pagos  | 	at java.base/java.util.concurrent.ThreadPoolExecutor.runWorker(ThreadPoolExecutor.java:1144)
servicio-pagos  | 	at java.base/java.util.concurrent.ThreadPoolExecutor$Worker.run(ThreadPoolExecutor.java:642)
servicio-pagos  | 	at java.base/java.lang.Thread.run(Thread.java:1583)
servicio-pagos  | Caused by: org.apache.hc.client5.http.HttpHostConnectException: Connect to http://localhost:8761 failed: Connection refused
servicio-pagos  | 	at java.base/sun.nio.ch.Net.pollConnect(Native Method)
servicio-pagos  | 	at java.base/sun.nio.ch.Net.pollConnectNow(Net.java:694)
servicio-pagos  | 	at java.base/sun.nio.ch.NioSocketImpl.timedFinishConnect(NioSocketImpl.java:542)
servicio-pagos  | 	at java.base/sun.nio.ch.NioSocketImpl.connect(NioSocketImpl.java:592)
servicio-pagos  | 	at java.base/java.net.SocksSocketImpl.connect(SocksSocketImpl.java:327)
servicio-pagos  | 	at java.base/java.net.Socket.connect(Socket.java:751)
servicio-pagos  | 	at org.apache.hc.client5.http.impl.io.DefaultHttpClientConnectionOperator.connect(DefaultHttpClientConnectionOperator.java:226)
servicio-pagos  | 	at org.apache.hc.client5.http.impl.io.PoolingHttpClientConnectionManager.connect(PoolingHttpClientConnectionManager.java:497)
servicio-pagos  | 	at org.apache.hc.client5.http.impl.classic.InternalExecRuntime.connectEndpoint(InternalExecRuntime.java:164)
servicio-pagos  | 	at org.apache.hc.client5.http.impl.classic.InternalExecRuntime.connectEndpoint(InternalExecRuntime.java:174)
servicio-pagos  | 	at org.apache.hc.client5.http.impl.classic.ConnectExec.execute(ConnectExec.java:144)
servicio-pagos  | 	at org.apache.hc.client5.http.impl.classic.ExecChainElement.execute(ExecChainElement.java:51)
servicio-pagos  | 	at org.apache.hc.client5.http.impl.classic.ProtocolExec.execute(ProtocolExec.java:195)
servicio-pagos  | 	at org.apache.hc.client5.http.impl.classic.ExecChainElement.execute(ExecChainElement.java:51)
servicio-pagos  | 	at org.apache.hc.client5.http.impl.classic.ContentCompressionExec.execute(ContentCompressionExec.java:168)
servicio-pagos  | 	at org.apache.hc.client5.http.impl.classic.ExecChainElement.execute(ExecChainElement.java:51)
servicio-pagos  | 	at org.apache.hc.client5.http.impl.classic.HttpRequestRetryExec.execute(HttpRequestRetryExec.java:112)
servicio-pagos  | 	at org.apache.hc.client5.http.impl.classic.ExecChainElement.execute(ExecChainElement.java:51)
servicio-pagos  | 	at org.apache.hc.client5.http.impl.classic.RedirectExec.execute(RedirectExec.java:110)
servicio-pagos  | 	at org.apache.hc.client5.http.impl.classic.ExecChainElement.execute(ExecChainElement.java:51)
servicio-pagos  | 	at org.apache.hc.client5.http.impl.classic.InternalHttpClient.doExecute(InternalHttpClient.java:185)
servicio-pagos  | 	at org.apache.hc.client5.http.impl.classic.CloseableHttpClient.execute(CloseableHttpClient.java:87)
servicio-pagos  | 	at org.apache.hc.client5.http.impl.classic.CloseableHttpClient.execute(CloseableHttpClient.java:55)
servicio-pagos  | 	at org.apache.hc.client5.http.classic.HttpClient.executeOpen(HttpClient.java:183)
servicio-pagos  | 	at org.springframework.http.client.HttpComponentsClientHttpRequest.executeInternal(HttpComponentsClientHttpRequest.java:99)
servicio-pagos  | 	at org.springframework.http.client.AbstractStreamingClientHttpRequest.executeInternal(AbstractStreamingClientHttpRequest.java:87)
servicio-pagos  | 	at org.springframework.http.client.AbstractClientHttpRequest.execute(AbstractClientHttpRequest.java:80)
servicio-pagos  | 	at org.springframework.http.client.AbstractBufferingClientHttpRequest.executeWithRequestAndBody(AbstractBufferingClientHttpRequest.java:89)
servicio-pagos  | 	at org.springframework.http.client.InterceptingClientHttpRequest$EndOfChainRequestExecution.execute(InterceptingClientHttpRequest.java:102)
servicio-pagos  | 	at org.springframework.cloud.netflix.eureka.http.RestClientTransportClientFactory.lambda$newClient$2(RestClientTransportClientFactory.java:98)
servicio-pagos  | 	at org.springframework.http.client.ClientHttpRequestInterceptor.lambda$apply$0(ClientHttpRequestInterceptor.java:89)
servicio-pagos  | 	at org.springframework.http.client.InterceptingClientHttpRequest.executeInternal(InterceptingClientHttpRequest.java:73)
servicio-pagos  | 	at org.springframework.http.client.AbstractBufferingClientHttpRequest.executeInternal(AbstractBufferingClientHttpRequest.java:50)
servicio-pagos  | 	at org.springframework.http.client.AbstractClientHttpRequest.execute(AbstractClientHttpRequest.java:80)
servicio-pagos  | 	at org.springframework.web.client.DefaultRestClient$DefaultRequestBodyUriSpec.exchangeInternal(DefaultRestClient.java:614)
servicio-pagos  | 	... 26 more
servicio-pagos  | 
servicio-pagos  | 2026-06-07T11:40:00.297Z  WARN 1 --- [servicio-pagos] [reshExecutor-%d] c.n.d.s.t.d.RetryableEurekaHttpClient    : Request execution failed with message: I/O error on GET request for "http://localhost:8761/eureka/apps/": Connect to http://localhost:8761 failed: Connection refused
servicio-pagos  | 2026-06-07T11:40:00.298Z  INFO 1 --- [servicio-pagos] [reshExecutor-%d] com.netflix.discovery.DiscoveryClient    : DiscoveryClient_SERVICIO-PAGOS/07e9a31ce37f:servicio-pagos:8085 - was unable to refresh its cache! This periodic background refresh will be retried in 30 seconds. status = Cannot execute request on any known server stacktrace = com.netflix.discovery.shared.transport.TransportException: Cannot execute request on any known server
servicio-pagos  | 	at com.netflix.discovery.shared.transport.decorator.RetryableEurekaHttpClient.execute(RetryableEurekaHttpClient.java:112)
servicio-pagos  | 	at com.netflix.discovery.shared.transport.decorator.EurekaHttpClientDecorator.getApplications(EurekaHttpClientDecorator.java:134)
servicio-pagos  | 	at com.netflix.discovery.shared.transport.decorator.EurekaHttpClientDecorator$6.execute(EurekaHttpClientDecorator.java:137)
servicio-pagos  | 	at com.netflix.discovery.shared.transport.decorator.SessionedEurekaHttpClient.execute(SessionedEurekaHttpClient.java:76)
servicio-pagos  | 	at com.netflix.discovery.shared.transport.decorator.EurekaHttpClientDecorator.getApplications(EurekaHttpClientDecorator.java:134)
servicio-pagos  | 	at com.netflix.discovery.DiscoveryClient.getAndStoreFullRegistry(DiscoveryClient.java:1046)
servicio-pagos  | 	at com.netflix.discovery.DiscoveryClient.fetchRegistry(DiscoveryClient.java:961)
servicio-pagos  | 	at com.netflix.discovery.DiscoveryClient.refreshRegistry(DiscoveryClient.java:1474)
servicio-pagos  | 	at com.netflix.discovery.DiscoveryClient$CacheRefreshThread.run(DiscoveryClient.java:1442)
servicio-pagos  | 	at java.base/java.util.concurrent.Executors$RunnableAdapter.call(Executors.java:572)
servicio-pagos  | 	at java.base/java.util.concurrent.FutureTask.run(FutureTask.java:317)
servicio-pagos  | 	at java.base/java.util.concurrent.ThreadPoolExecutor.runWorker(ThreadPoolExecutor.java:1144)
servicio-pagos  | 	at java.base/java.util.concurrent.ThreadPoolExecutor$Worker.run(ThreadPoolExecutor.java:642)
servicio-pagos  | 	at java.base/java.lang.Thread.run(Thread.java:1583)
servicio-pagos  | 
servicio-pagos  | 2026-06-07T11:40:00.299Z  INFO 1 --- [servicio-pagos] [beatExecutor-%d] c.n.d.s.t.d.RedirectingEurekaHttpClient  : Request execution error. endpoint=DefaultEndpoint{ serviceUrl='http://localhost:8761/eureka/}, exception=I/O error on PUT request for "http://localhost:8761/eureka/apps/SERVICIO-PAGOS/07e9a31ce37f:servicio-pagos:8085": Connect to http://localhost:8761 failed: Connection refused stacktrace=org.springframework.web.client.ResourceAccessException: I/O error on PUT request for "http://localhost:8761/eureka/apps/SERVICIO-PAGOS/07e9a31ce37f:servicio-pagos:8085": Connect to http://localhost:8761 failed: Connection refused
servicio-pagos  | 	at org.springframework.web.client.DefaultRestClient$DefaultRequestBodyUriSpec.createResourceAccessException(DefaultRestClient.java:779)
servicio-pagos  | 	at org.springframework.web.client.DefaultRestClient$DefaultRequestBodyUriSpec.exchangeInternal(DefaultRestClient.java:624)
servicio-pagos  | 	at org.springframework.web.client.DefaultRestClient$DefaultRequestBodyUriSpec.exchange(DefaultRestClient.java:572)
servicio-pagos  | 	at org.springframework.web.client.RestClient$RequestHeadersSpec.exchange(RestClient.java:747)
servicio-pagos  | 	at org.springframework.web.client.DefaultRestClient$DefaultResponseSpec.executeAndExtract(DefaultRestClient.java:924)
servicio-pagos  | 	at org.springframework.web.client.DefaultRestClient$DefaultResponseSpec.toEntityInternal(DefaultRestClient.java:870)
servicio-pagos  | 	at org.springframework.web.client.DefaultRestClient$DefaultResponseSpec.toEntity(DefaultRestClient.java:859)
servicio-pagos  | 	at org.springframework.cloud.netflix.eureka.http.RestClientEurekaHttpClient.sendHeartBeat(RestClientEurekaHttpClient.java:91)
servicio-pagos  | 	at com.netflix.discovery.shared.transport.decorator.EurekaHttpClientDecorator$3.execute(EurekaHttpClientDecorator.java:92)
servicio-pagos  | 	at com.netflix.discovery.shared.transport.decorator.RedirectingEurekaHttpClient.executeOnNewServer(RedirectingEurekaHttpClient.java:121)
servicio-pagos  | 	at com.netflix.discovery.shared.transport.decorator.RedirectingEurekaHttpClient.execute(RedirectingEurekaHttpClient.java:80)
servicio-pagos  | 	at com.netflix.discovery.shared.transport.decorator.EurekaHttpClientDecorator.sendHeartBeat(EurekaHttpClientDecorator.java:89)
servicio-pagos  | 	at com.netflix.discovery.shared.transport.decorator.EurekaHttpClientDecorator$3.execute(EurekaHttpClientDecorator.java:92)
servicio-pagos  | 	at com.netflix.discovery.shared.transport.decorator.RetryableEurekaHttpClient.execute(RetryableEurekaHttpClient.java:120)
servicio-pagos  | 	at com.netflix.discovery.shared.transport.decorator.EurekaHttpClientDecorator.sendHeartBeat(EurekaHttpClientDecorator.java:89)
servicio-pagos  | 	at com.netflix.discovery.shared.transport.decorator.EurekaHttpClientDecorator$3.execute(EurekaHttpClientDecorator.java:92)
servicio-pagos  | 	at com.netflix.discovery.shared.transport.decorator.SessionedEurekaHttpClient.execute(SessionedEurekaHttpClient.java:76)
servicio-pagos  | 	at com.netflix.discovery.shared.transport.decorator.EurekaHttpClientDecorator.sendHeartBeat(EurekaHttpClientDecorator.java:89)
servicio-pagos  | 	at com.netflix.discovery.DiscoveryClient.renew(DiscoveryClient.java:845)
servicio-pagos  | 	at com.netflix.discovery.DiscoveryClient$HeartbeatThread.run(DiscoveryClient.java:1403)
servicio-pagos  | 	at java.base/java.util.concurrent.Executors$RunnableAdapter.call(Executors.java:572)
servicio-pagos  | 	at java.base/java.util.concurrent.FutureTask.run(FutureTask.java:317)
servicio-pagos  | 	at java.base/java.util.concurrent.ThreadPoolExecutor.runWorker(ThreadPoolExecutor.java:1144)
servicio-pagos  | 	at java.base/java.util.concurrent.ThreadPoolExecutor$Worker.run(ThreadPoolExecutor.java:642)
servicio-pagos  | 	at java.base/java.lang.Thread.run(Thread.java:1583)
servicio-pagos  | Caused by: org.apache.hc.client5.http.HttpHostConnectException: Connect to http://localhost:8761 failed: Connection refused
servicio-pagos  | 	at java.base/sun.nio.ch.Net.pollConnect(Native Method)
servicio-pagos  | 	at java.base/sun.nio.ch.Net.pollConnectNow(Net.java:694)
servicio-pagos  | 	at java.base/sun.nio.ch.NioSocketImpl.timedFinishConnect(NioSocketImpl.java:542)
servicio-pagos  | 	at java.base/sun.nio.ch.NioSocketImpl.connect(NioSocketImpl.java:592)
servicio-pagos  | 	at java.base/java.net.SocksSocketImpl.connect(SocksSocketImpl.java:327)
servicio-pagos  | 	at java.base/java.net.Socket.connect(Socket.java:751)
servicio-pagos  | 	at org.apache.hc.client5.http.impl.io.DefaultHttpClientConnectionOperator.connect(DefaultHttpClientConnectionOperator.java:226)
servicio-pagos  | 	at org.apache.hc.client5.http.impl.io.PoolingHttpClientConnectionManager.connect(PoolingHttpClientConnectionManager.java:497)
servicio-pagos  | 	at org.apache.hc.client5.http.impl.classic.InternalExecRuntime.connectEndpoint(InternalExecRuntime.java:164)
servicio-pagos  | 	at org.apache.hc.client5.http.impl.classic.InternalExecRuntime.connectEndpoint(InternalExecRuntime.java:174)
servicio-pagos  | 	at org.apache.hc.client5.http.impl.classic.ConnectExec.execute(ConnectExec.java:144)
servicio-pagos  | 	at org.apache.hc.client5.http.impl.classic.ExecChainElement.execute(ExecChainElement.java:51)
servicio-pagos  | 	at org.apache.hc.client5.http.impl.classic.ProtocolExec.execute(ProtocolExec.java:195)
servicio-pagos  | 	at org.apache.hc.client5.http.impl.classic.ExecChainElement.execute(ExecChainElement.java:51)
servicio-pagos  | 	at org.apache.hc.client5.http.impl.classic.ContentCompressionExec.execute(ContentCompressionExec.java:168)
servicio-pagos  | 	at org.apache.hc.client5.http.impl.classic.ExecChainElement.execute(ExecChainElement.java:51)
servicio-pagos  | 	at org.apache.hc.client5.http.impl.classic.HttpRequestRetryExec.execute(HttpRequestRetryExec.java:112)
servicio-pagos  | 	at org.apache.hc.client5.http.impl.classic.ExecChainElement.execute(ExecChainElement.java:51)
servicio-pagos  | 	at org.apache.hc.client5.http.impl.classic.RedirectExec.execute(RedirectExec.java:110)
servicio-pagos  | 	at org.apache.hc.client5.http.impl.classic.ExecChainElement.execute(ExecChainElement.java:51)
servicio-pagos  | 	at org.apache.hc.client5.http.impl.classic.InternalHttpClient.doExecute(InternalHttpClient.java:185)
servicio-pagos  | 	at org.apache.hc.client5.http.impl.classic.CloseableHttpClient.execute(CloseableHttpClient.java:87)
servicio-pagos  | 	at org.apache.hc.client5.http.impl.classic.CloseableHttpClient.execute(CloseableHttpClient.java:55)
servicio-pagos  | 	at org.apache.hc.client5.http.classic.HttpClient.executeOpen(HttpClient.java:183)
servicio-pagos  | 	at org.springframework.http.client.HttpComponentsClientHttpRequest.executeInternal(HttpComponentsClientHttpRequest.java:99)
servicio-pagos  | 	at org.springframework.http.client.AbstractStreamingClientHttpRequest.executeInternal(AbstractStreamingClientHttpRequest.java:87)
servicio-pagos  | 	at org.springframework.http.client.AbstractClientHttpRequest.execute(AbstractClientHttpRequest.java:80)
servicio-pagos  | 	at org.springframework.http.client.AbstractBufferingClientHttpRequest.executeWithRequestAndBody(AbstractBufferingClientHttpRequest.java:89)
servicio-pagos  | 	at org.springframework.http.client.InterceptingClientHttpRequest$EndOfChainRequestExecution.execute(InterceptingClientHttpRequest.java:102)
servicio-pagos  | 	at org.springframework.cloud.netflix.eureka.http.RestClientTransportClientFactory.lambda$newClient$2(RestClientTransportClientFactory.java:98)
servicio-pagos  | 	at org.springframework.http.client.ClientHttpRequestInterceptor.lambda$apply$0(ClientHttpRequestInterceptor.java:89)
servicio-pagos  | 	at org.springframework.http.client.InterceptingClientHttpRequest.executeInternal(InterceptingClientHttpRequest.java:73)
servicio-pagos  | 	at org.springframework.http.client.AbstractBufferingClientHttpRequest.executeInternal(AbstractBufferingClientHttpRequest.java:50)
servicio-pagos  | 	at org.springframework.http.client.AbstractClientHttpRequest.execute(AbstractClientHttpRequest.java:80)
servicio-pagos  | 	at org.springframework.web.client.DefaultRestClient$DefaultRequestBodyUriSpec.exchangeInternal(DefaultRestClient.java:614)
servicio-pagos  | 	... 23 more
servicio-pagos  | 
servicio-pagos  | 2026-06-07T11:40:00.299Z  WARN 1 --- [servicio-pagos] [beatExecutor-%d] c.n.d.s.t.d.RetryableEurekaHttpClient    : Request execution failed with message: I/O error on PUT request for "http://localhost:8761/eureka/apps/SERVICIO-PAGOS/07e9a31ce37f:servicio-pagos:8085": Connect to http://localhost:8761 failed: Connection refused
servicio-pagos  | 2026-06-07T11:40:00.299Z ERROR 1 --- [servicio-pagos] [beatExecutor-%d] com.netflix.discovery.DiscoveryClient    : DiscoveryClient_SERVICIO-PAGOS/07e9a31ce37f:servicio-pagos:8085 - was unable to send heartbeat!
servicio-pagos  | 
servicio-pagos  | com.netflix.discovery.shared.transport.TransportException: Cannot execute request on any known server
servicio-pagos  | 	at com.netflix.discovery.shared.transport.decorator.RetryableEurekaHttpClient.execute(RetryableEurekaHttpClient.java:112) ~[eureka-client-2.0.5.jar!/:2.0.5]
servicio-pagos  | 	at com.netflix.discovery.shared.transport.decorator.EurekaHttpClientDecorator.sendHeartBeat(EurekaHttpClientDecorator.java:89) ~[eureka-client-2.0.5.jar!/:2.0.5]
servicio-pagos  | 	at com.netflix.discovery.shared.transport.decorator.EurekaHttpClientDecorator$3.execute(EurekaHttpClientDecorator.java:92) ~[eureka-client-2.0.5.jar!/:2.0.5]
servicio-pagos  | 	at com.netflix.discovery.shared.transport.decorator.SessionedEurekaHttpClient.execute(SessionedEurekaHttpClient.java:76) ~[eureka-client-2.0.5.jar!/:2.0.5]
servicio-pagos  | 	at com.netflix.discovery.shared.transport.decorator.EurekaHttpClientDecorator.sendHeartBeat(EurekaHttpClientDecorator.java:89) ~[eureka-client-2.0.5.jar!/:2.0.5]
servicio-pagos  | 	at com.netflix.discovery.DiscoveryClient.renew(DiscoveryClient.java:845) ~[eureka-client-2.0.5.jar!/:2.0.5]
servicio-pagos  | 	at com.netflix.discovery.DiscoveryClient$HeartbeatThread.run(DiscoveryClient.java:1403) ~[eureka-client-2.0.5.jar!/:2.0.5]
servicio-pagos  | 	at java.base/java.util.concurrent.Executors$RunnableAdapter.call(Executors.java:572) ~[na:na]
servicio-pagos  | 	at java.base/java.util.concurrent.FutureTask.run(FutureTask.java:317) ~[na:na]
servicio-pagos  | 	at java.base/java.util.concurrent.ThreadPoolExecutor.runWorker(ThreadPoolExecutor.java:1144) ~[na:na]
servicio-pagos  | 	at java.base/java.util.concurrent.ThreadPoolExecutor$Worker.run(ThreadPoolExecutor.java:642) ~[na:na]
servicio-pagos  | 	at java.base/java.lang.Thread.run(Thread.java:1583) ~[na:na]
servicio-pagos  | 
servicio-pagos  | 2026-06-07T11:40:00.798Z  INFO 1 --- [servicio-pagos] [foReplicator-%d] com.netflix.discovery.DiscoveryClient    : DiscoveryClient_SERVICIO-PAGOS/07e9a31ce37f:servicio-pagos:8085: registering service...
servicio-pagos  | 2026-06-07T11:40:00.815Z  INFO 1 --- [servicio-pagos] [foReplicator-%d] c.n.d.s.t.d.RedirectingEurekaHttpClient  : Request execution error. endpoint=DefaultEndpoint{ serviceUrl='http://localhost:8761/eureka/}, exception=I/O error on POST request for "http://localhost:8761/eureka/apps/SERVICIO-PAGOS": Connect to http://localhost:8761 failed: Connection refused stacktrace=org.springframework.web.client.ResourceAccessException: I/O error on POST request for "http://localhost:8761/eureka/apps/SERVICIO-PAGOS": Connect to http://localhost:8761 failed: Connection refused
servicio-pagos  | 	at org.springframework.web.client.DefaultRestClient$DefaultRequestBodyUriSpec.createResourceAccessException(DefaultRestClient.java:779)
servicio-pagos  | 	at org.springframework.web.client.DefaultRestClient$DefaultRequestBodyUriSpec.exchangeInternal(DefaultRestClient.java:624)
servicio-pagos  | 	at org.springframework.web.client.DefaultRestClient$DefaultRequestBodyUriSpec.exchange(DefaultRestClient.java:572)
servicio-pagos  | 	at org.springframework.web.client.RestClient$RequestHeadersSpec.exchange(RestClient.java:747)
servicio-pagos  | 	at org.springframework.web.client.DefaultRestClient$DefaultResponseSpec.executeAndExtract(DefaultRestClient.java:924)
servicio-pagos  | 	at org.springframework.web.client.DefaultRestClient$DefaultResponseSpec.toBodilessEntity(DefaultRestClient.java:888)
servicio-pagos  | 	at org.springframework.cloud.netflix.eureka.http.RestClientEurekaHttpClient.register(RestClientEurekaHttpClient.java:64)
servicio-pagos  | 	at com.netflix.discovery.shared.transport.decorator.EurekaHttpClientDecorator$1.execute(EurekaHttpClientDecorator.java:59)
servicio-pagos  | 	at com.netflix.discovery.shared.transport.decorator.RedirectingEurekaHttpClient.executeOnNewServer(RedirectingEurekaHttpClient.java:121)
servicio-pagos  | 	at com.netflix.discovery.shared.transport.decorator.RedirectingEurekaHttpClient.execute(RedirectingEurekaHttpClient.java:80)
servicio-pagos  | 	at com.netflix.discovery.shared.transport.decorator.EurekaHttpClientDecorator.register(EurekaHttpClientDecorator.java:56)
servicio-pagos  | 	at com.netflix.discovery.shared.transport.decorator.EurekaHttpClientDecorator$1.execute(EurekaHttpClientDecorator.java:59)
servicio-pagos  | 	at com.netflix.discovery.shared.transport.decorator.RetryableEurekaHttpClient.execute(RetryableEurekaHttpClient.java:120)
servicio-pagos  | 	at com.netflix.discovery.shared.transport.decorator.EurekaHttpClientDecorator.register(EurekaHttpClientDecorator.java:56)
servicio-pagos  | 	at com.netflix.discovery.shared.transport.decorator.EurekaHttpClientDecorator$1.execute(EurekaHttpClientDecorator.java:59)
servicio-pagos  | 	at com.netflix.discovery.shared.transport.decorator.SessionedEurekaHttpClient.execute(SessionedEurekaHttpClient.java:76)
servicio-pagos  | 	at com.netflix.discovery.shared.transport.decorator.EurekaHttpClientDecorator.register(EurekaHttpClientDecorator.java:56)
servicio-pagos  | 	at com.netflix.discovery.DiscoveryClient.register(DiscoveryClient.java:828)
servicio-pagos  | 	at com.netflix.discovery.InstanceInfoReplicator.run(InstanceInfoReplicator.java:125)
servicio-pagos  | 	at java.base/java.util.concurrent.Executors$RunnableAdapter.call(Executors.java:572)
servicio-pagos  | 	at java.base/java.util.concurrent.FutureTask.run(FutureTask.java:317)
servicio-pagos  | 	at java.base/java.util.concurrent.ScheduledThreadPoolExecutor$ScheduledFutureTask.run(ScheduledThreadPoolExecutor.java:304)
servicio-pagos  | 	at java.base/java.util.concurrent.ThreadPoolExecutor.runWorker(ThreadPoolExecutor.java:1144)
servicio-pagos  | 	at java.base/java.util.concurrent.ThreadPoolExecutor$Worker.run(ThreadPoolExecutor.java:642)
servicio-pagos  | 	at java.base/java.lang.Thread.run(Thread.java:1583)
servicio-pagos  | Caused by: org.apache.hc.client5.http.HttpHostConnectException: Connect to http://localhost:8761 failed: Connection refused
servicio-pagos  | 	at java.base/sun.nio.ch.Net.pollConnect(Native Method)
servicio-pagos  | 	at java.base/sun.nio.ch.Net.pollConnectNow(Net.java:694)
servicio-pagos  | 	at java.base/sun.nio.ch.NioSocketImpl.timedFinishConnect(NioSocketImpl.java:542)
servicio-pagos  | 	at java.base/sun.nio.ch.NioSocketImpl.connect(NioSocketImpl.java:592)
servicio-pagos  | 	at java.base/java.net.SocksSocketImpl.connect(SocksSocketImpl.java:327)
servicio-pagos  | 	at java.base/java.net.Socket.connect(Socket.java:751)
servicio-pagos  | 	at org.apache.hc.client5.http.impl.io.DefaultHttpClientConnectionOperator.connect(DefaultHttpClientConnectionOperator.java:226)
servicio-pagos  | 	at org.apache.hc.client5.http.impl.io.PoolingHttpClientConnectionManager.connect(PoolingHttpClientConnectionManager.java:497)
servicio-pagos  | 	at org.apache.hc.client5.http.impl.classic.InternalExecRuntime.connectEndpoint(InternalExecRuntime.java:164)
servicio-pagos  | 	at org.apache.hc.client5.http.impl.classic.InternalExecRuntime.connectEndpoint(InternalExecRuntime.java:174)
servicio-pagos  | 	at org.apache.hc.client5.http.impl.classic.ConnectExec.execute(ConnectExec.java:144)
servicio-pagos  | 	at org.apache.hc.client5.http.impl.classic.ExecChainElement.execute(ExecChainElement.java:51)
servicio-pagos  | 	at org.apache.hc.client5.http.impl.classic.ProtocolExec.execute(ProtocolExec.java:195)
servicio-pagos  | 	at org.apache.hc.client5.http.impl.classic.ExecChainElement.execute(ExecChainElement.java:51)
servicio-pagos  | 	at org.apache.hc.client5.http.impl.classic.ContentCompressionExec.execute(ContentCompressionExec.java:168)
servicio-pagos  | 	at org.apache.hc.client5.http.impl.classic.ExecChainElement.execute(ExecChainElement.java:51)
servicio-pagos  | 	at org.apache.hc.client5.http.impl.classic.HttpRequestRetryExec.execute(HttpRequestRetryExec.java:112)
servicio-pagos  | 	at org.apache.hc.client5.http.impl.classic.ExecChainElement.execute(ExecChainElement.java:51)
servicio-pagos  | 	at org.apache.hc.client5.http.impl.classic.RedirectExec.execute(RedirectExec.java:110)
servicio-pagos  | 	at org.apache.hc.client5.http.impl.classic.ExecChainElement.execute(ExecChainElement.java:51)
servicio-pagos  | 	at org.apache.hc.client5.http.impl.classic.InternalHttpClient.doExecute(InternalHttpClient.java:185)
servicio-pagos  | 	at org.apache.hc.client5.http.impl.classic.CloseableHttpClient.execute(CloseableHttpClient.java:87)
servicio-pagos  | 	at org.apache.hc.client5.http.impl.classic.CloseableHttpClient.execute(CloseableHttpClient.java:55)
servicio-pagos  | 	at org.apache.hc.client5.http.classic.HttpClient.executeOpen(HttpClient.java:183)
servicio-pagos  | 	at org.springframework.http.client.HttpComponentsClientHttpRequest.executeInternal(HttpComponentsClientHttpRequest.java:99)
servicio-pagos  | 	at org.springframework.http.client.AbstractStreamingClientHttpRequest.executeInternal(AbstractStreamingClientHttpRequest.java:87)
servicio-pagos  | 	at org.springframework.http.client.AbstractClientHttpRequest.execute(AbstractClientHttpRequest.java:80)
servicio-pagos  | 	at org.springframework.http.client.AbstractBufferingClientHttpRequest.executeWithRequestAndBody(AbstractBufferingClientHttpRequest.java:89)
servicio-pagos  | 	at org.springframework.http.client.InterceptingClientHttpRequest$EndOfChainRequestExecution.execute(InterceptingClientHttpRequest.java:102)
servicio-pagos  | 	at org.springframework.cloud.netflix.eureka.http.RestClientTransportClientFactory.lambda$newClient$2(RestClientTransportClientFactory.java:98)
servicio-pagos  | 	at org.springframework.http.client.ClientHttpRequestInterceptor.lambda$apply$0(ClientHttpRequestInterceptor.java:89)
servicio-pagos  | 	at org.springframework.http.client.InterceptingClientHttpRequest.executeInternal(InterceptingClientHttpRequest.java:73)
servicio-pagos  | 	at org.springframework.http.client.AbstractBufferingClientHttpRequest.executeInternal(AbstractBufferingClientHttpRequest.java:50)
servicio-pagos  | 	at org.springframework.http.client.AbstractClientHttpRequest.execute(AbstractClientHttpRequest.java:80)
servicio-pagos  | 	at org.springframework.web.client.DefaultRestClient$DefaultRequestBodyUriSpec.exchangeInternal(DefaultRestClient.java:614)
servicio-pagos  | 	... 23 more
servicio-pagos  | 
servicio-pagos  | 2026-06-07T11:40:00.816Z  WARN 1 --- [servicio-pagos] [foReplicator-%d] c.n.d.s.t.d.RetryableEurekaHttpClient    : Request execution failed with message: I/O error on POST request for "http://localhost:8761/eureka/apps/SERVICIO-PAGOS": Connect to http://localhost:8761 failed: Connection refused
servicio-pagos  | 2026-06-07T11:40:00.816Z  WARN 1 --- [servicio-pagos] [foReplicator-%d] com.netflix.discovery.DiscoveryClient    : DiscoveryClient_SERVICIO-PAGOS/07e9a31ce37f:servicio-pagos:8085 - registration failed Cannot execute request on any known server
servicio-pagos  | 
servicio-pagos  | com.netflix.discovery.shared.transport.TransportException: Cannot execute request on any known server
servicio-pagos  | 	at com.netflix.discovery.shared.transport.decorator.RetryableEurekaHttpClient.execute(RetryableEurekaHttpClient.java:112) ~[eureka-client-2.0.5.jar!/:2.0.5]
servicio-pagos  | 	at com.netflix.discovery.shared.transport.decorator.EurekaHttpClientDecorator.register(EurekaHttpClientDecorator.java:56) ~[eureka-client-2.0.5.jar!/:2.0.5]
servicio-pagos  | 	at com.netflix.discovery.shared.transport.decorator.EurekaHttpClientDecorator$1.execute(EurekaHttpClientDecorator.java:59) ~[eureka-client-2.0.5.jar!/:2.0.5]
servicio-pagos  | 	at com.netflix.discovery.shared.transport.decorator.SessionedEurekaHttpClient.execute(SessionedEurekaHttpClient.java:76) ~[eureka-client-2.0.5.jar!/:2.0.5]
servicio-pagos  | 	at com.netflix.discovery.shared.transport.decorator.EurekaHttpClientDecorator.register(EurekaHttpClientDecorator.java:56) ~[eureka-client-2.0.5.jar!/:2.0.5]
servicio-pagos  | 	at com.netflix.discovery.DiscoveryClient.register(DiscoveryClient.java:828) ~[eureka-client-2.0.5.jar!/:2.0.5]
servicio-pagos  | 	at com.netflix.discovery.InstanceInfoReplicator.run(InstanceInfoReplicator.java:125) ~[eureka-client-2.0.5.jar!/:2.0.5]
servicio-pagos  | 	at java.base/java.util.concurrent.Executors$RunnableAdapter.call(Executors.java:572) ~[na:na]
servicio-pagos  | 	at java.base/java.util.concurrent.FutureTask.run(FutureTask.java:317) ~[na:na]
servicio-pagos  | 	at java.base/java.util.concurrent.ScheduledThreadPoolExecutor$ScheduledFutureTask.run(ScheduledThreadPoolExecutor.java:304) ~[na:na]
servicio-pagos  | 	at java.base/java.util.concurrent.ThreadPoolExecutor.runWorker(ThreadPoolExecutor.java:1144) ~[na:na]
servicio-pagos  | 	at java.base/java.util.concurrent.ThreadPoolExecutor$Worker.run(ThreadPoolExecutor.java:642) ~[na:na]
servicio-pagos  | 	at java.base/java.lang.Thread.run(Thread.java:1583) ~[na:na]
servicio-pagos  | 
servicio-pagos  | 2026-06-07T11:40:00.818Z  WARN 1 --- [servicio-pagos] [foReplicator-%d] c.n.discovery.InstanceInfoReplicator     : There was a problem with the instance info replicator
servicio-pagos  | 
servicio-pagos  | com.netflix.discovery.shared.transport.TransportException: Cannot execute request on any known server
servicio-pagos  | 	at com.netflix.discovery.shared.transport.decorator.RetryableEurekaHttpClient.execute(RetryableEurekaHttpClient.java:112) ~[eureka-client-2.0.5.jar!/:2.0.5]
servicio-pagos  | 	at com.netflix.discovery.shared.transport.decorator.EurekaHttpClientDecorator.register(EurekaHttpClientDecorator.java:56) ~[eureka-client-2.0.5.jar!/:2.0.5]
servicio-pagos  | 	at com.netflix.discovery.shared.transport.decorator.EurekaHttpClientDecorator$1.execute(EurekaHttpClientDecorator.java:59) ~[eureka-client-2.0.5.jar!/:2.0.5]
servicio-pagos  | 	at com.netflix.discovery.shared.transport.decorator.SessionedEurekaHttpClient.execute(SessionedEurekaHttpClient.java:76) ~[eureka-client-2.0.5.jar!/:2.0.5]
servicio-pagos  | 	at com.netflix.discovery.shared.transport.decorator.EurekaHttpClientDecorator.register(EurekaHttpClientDecorator.java:56) ~[eureka-client-2.0.5.jar!/:2.0.5]
servicio-pagos  | 	at com.netflix.discovery.DiscoveryClient.register(DiscoveryClient.java:828) ~[eureka-client-2.0.5.jar!/:2.0.5]
servicio-pagos  | 	at com.netflix.discovery.InstanceInfoReplicator.run(InstanceInfoReplicator.java:125) ~[eureka-client-2.0.5.jar!/:2.0.5]
servicio-pagos  | 	at java.base/java.util.concurrent.Executors$RunnableAdapter.call(Executors.java:572) ~[na:na]
servicio-pagos  | 	at java.base/java.util.concurrent.FutureTask.run(FutureTask.java:317) ~[na:na]
servicio-pagos  | 	at java.base/java.util.concurrent.ScheduledThreadPoolExecutor$ScheduledFutureTask.run(ScheduledThreadPoolExecutor.java:304) ~[na:na]
servicio-pagos  | 	at java.base/java.util.concurrent.ThreadPoolExecutor.runWorker(ThreadPoolExecutor.java:1144) ~[na:na]
servicio-pagos  | 	at java.base/java.util.concurrent.ThreadPoolExecutor$Worker.run(ThreadPoolExecutor.java:642) ~[na:na]
servicio-pagos  | 	at java.base/java.lang.Thread.run(Thread.java:1583) ~[na:na]
servicio-pagos  | 
servicio-pagos  | 2026-06-07T11:40:30.297Z  INFO 1 --- [servicio-pagos] [reshExecutor-%d] com.netflix.discovery.DiscoveryClient    : Disable delta property : false
servicio-pagos  | 2026-06-07T11:40:30.297Z  INFO 1 --- [servicio-pagos] [reshExecutor-%d] com.netflix.discovery.DiscoveryClient    : Single vip registry refresh property : null
servicio-pagos  | 2026-06-07T11:40:30.297Z  INFO 1 --- [servicio-pagos] [reshExecutor-%d] com.netflix.discovery.DiscoveryClient    : Force full registry fetch : false
servicio-pagos  | 2026-06-07T11:40:30.297Z  INFO 1 --- [servicio-pagos] [reshExecutor-%d] com.netflix.discovery.DiscoveryClient    : Application is null : false
servicio-pagos  | 2026-06-07T11:40:30.297Z  INFO 1 --- [servicio-pagos] [reshExecutor-%d] com.netflix.discovery.DiscoveryClient    : Registered Applications size is zero : true
servicio-pagos  | 2026-06-07T11:40:30.297Z  INFO 1 --- [servicio-pagos] [reshExecutor-%d] com.netflix.discovery.DiscoveryClient    : Application version is -1: true
servicio-pagos  | 2026-06-07T11:40:30.297Z  INFO 1 --- [servicio-pagos] [reshExecutor-%d] com.netflix.discovery.DiscoveryClient    : Getting all instance registry info from the eureka server
servicio-pagos  | 2026-06-07T11:40:30.304Z  INFO 1 --- [servicio-pagos] [beatExecutor-%d] c.n.d.s.t.d.RedirectingEurekaHttpClient  : Request execution error. endpoint=DefaultEndpoint{ serviceUrl='http://localhost:8761/eureka/}, exception=I/O error on PUT request for "http://localhost:8761/eureka/apps/SERVICIO-PAGOS/07e9a31ce37f:servicio-pagos:8085": Connect to http://localhost:8761 failed: Connection refused stacktrace=org.springframework.web.client.ResourceAccessException: I/O error on PUT request for "http://localhost:8761/eureka/apps/SERVICIO-PAGOS/07e9a31ce37f:servicio-pagos:8085": Connect to http://localhost:8761 failed: Connection refused
servicio-pagos  | 	at org.springframework.web.client.DefaultRestClient$DefaultRequestBodyUriSpec.createResourceAccessException(DefaultRestClient.java:779)
servicio-pagos  | 	at org.springframework.web.client.DefaultRestClient$DefaultRequestBodyUriSpec.exchangeInternal(DefaultRestClient.java:624)
servicio-pagos  | 	at org.springframework.web.client.DefaultRestClient$DefaultRequestBodyUriSpec.exchange(DefaultRestClient.java:572)
servicio-pagos  | 	at org.springframework.web.client.RestClient$RequestHeadersSpec.exchange(RestClient.java:747)
servicio-pagos  | 	at org.springframework.web.client.DefaultRestClient$DefaultResponseSpec.executeAndExtract(DefaultRestClient.java:924)
servicio-pagos  | 	at org.springframework.web.client.DefaultRestClient$DefaultResponseSpec.toEntityInternal(DefaultRestClient.java:870)
servicio-pagos  | 	at org.springframework.web.client.DefaultRestClient$DefaultResponseSpec.toEntity(DefaultRestClient.java:859)
servicio-pagos  | 	at org.springframework.cloud.netflix.eureka.http.RestClientEurekaHttpClient.sendHeartBeat(RestClientEurekaHttpClient.java:91)
servicio-pagos  | 	at com.netflix.discovery.shared.transport.decorator.EurekaHttpClientDecorator$3.execute(EurekaHttpClientDecorator.java:92)
servicio-pagos  | 	at com.netflix.discovery.shared.transport.decorator.RedirectingEurekaHttpClient.executeOnNewServer(RedirectingEurekaHttpClient.java:121)
servicio-pagos  | 	at com.netflix.discovery.shared.transport.decorator.RedirectingEurekaHttpClient.execute(RedirectingEurekaHttpClient.java:80)
servicio-pagos  | 	at com.netflix.discovery.shared.transport.decorator.EurekaHttpClientDecorator.sendHeartBeat(EurekaHttpClientDecorator.java:89)
servicio-pagos  | 	at com.netflix.discovery.shared.transport.decorator.EurekaHttpClientDecorator$3.execute(EurekaHttpClientDecorator.java:92)
servicio-pagos  | 	at com.netflix.discovery.shared.transport.decorator.RetryableEurekaHttpClient.execute(RetryableEurekaHttpClient.java:120)
servicio-pagos  | 	at com.netflix.discovery.shared.transport.decorator.EurekaHttpClientDecorator.sendHeartBeat(EurekaHttpClientDecorator.java:89)
servicio-pagos  | 	at com.netflix.discovery.shared.transport.decorator.EurekaHttpClientDecorator$3.execute(EurekaHttpClientDecorator.java:92)
servicio-pagos  | 	at com.netflix.discovery.shared.transport.decorator.SessionedEurekaHttpClient.execute(SessionedEurekaHttpClient.java:76)
servicio-pagos  | 	at com.netflix.discovery.shared.transport.decorator.EurekaHttpClientDecorator.sendHeartBeat(EurekaHttpClientDecorator.java:89)
servicio-pagos  | 	at com.netflix.discovery.DiscoveryClient.renew(DiscoveryClient.java:845)
servicio-pagos  | 	at com.netflix.discovery.DiscoveryClient$HeartbeatThread.run(DiscoveryClient.java:1403)
servicio-pagos  | 	at java.base/java.util.concurrent.Executors$RunnableAdapter.call(Executors.java:572)
servicio-pagos  | 	at java.base/java.util.concurrent.FutureTask.run(FutureTask.java:317)
servicio-pagos  | 	at java.base/java.util.concurrent.ThreadPoolExecutor.runWorker(ThreadPoolExecutor.java:1144)
servicio-pagos  | 	at java.base/java.util.concurrent.ThreadPoolExecutor$Worker.run(ThreadPoolExecutor.java:642)
servicio-pagos  | 	at java.base/java.lang.Thread.run(Thread.java:1583)
servicio-pagos  | Caused by: org.apache.hc.client5.http.HttpHostConnectException: Connect to http://localhost:8761 failed: Connection refused
servicio-pagos  | 	at java.base/sun.nio.ch.Net.pollConnect(Native Method)
servicio-pagos  | 	at java.base/sun.nio.ch.Net.pollConnectNow(Net.java:694)
servicio-pagos  | 	at java.base/sun.nio.ch.NioSocketImpl.timedFinishConnect(NioSocketImpl.java:542)
servicio-pagos  | 	at java.base/sun.nio.ch.NioSocketImpl.connect(NioSocketImpl.java:592)
servicio-pagos  | 	at java.base/java.net.SocksSocketImpl.connect(SocksSocketImpl.java:327)
servicio-pagos  | 	at java.base/java.net.Socket.connect(Socket.java:751)
servicio-pagos  | 	at org.apache.hc.client5.http.impl.io.DefaultHttpClientConnectionOperator.connect(DefaultHttpClientConnectionOperator.java:226)
servicio-pagos  | 	at org.apache.hc.client5.http.impl.io.PoolingHttpClientConnectionManager.connect(PoolingHttpClientConnectionManager.java:497)
servicio-pagos  | 	at org.apache.hc.client5.http.impl.classic.InternalExecRuntime.connectEndpoint(InternalExecRuntime.java:164)
servicio-pagos  | 	at org.apache.hc.client5.http.impl.classic.InternalExecRuntime.connectEndpoint(InternalExecRuntime.java:174)
servicio-pagos  | 	at org.apache.hc.client5.http.impl.classic.ConnectExec.execute(ConnectExec.java:144)
servicio-pagos  | 	at org.apache.hc.client5.http.impl.classic.ExecChainElement.execute(ExecChainElement.java:51)
servicio-pagos  | 	at org.apache.hc.client5.http.impl.classic.ProtocolExec.execute(ProtocolExec.java:195)
servicio-pagos  | 	at org.apache.hc.client5.http.impl.classic.ExecChainElement.execute(ExecChainElement.java:51)
servicio-pagos  | 	at org.apache.hc.client5.http.impl.classic.ContentCompressionExec.execute(ContentCompressionExec.java:168)
servicio-pagos  | 	at org.apache.hc.client5.http.impl.classic.ExecChainElement.execute(ExecChainElement.java:51)
servicio-pagos  | 	at org.apache.hc.client5.http.impl.classic.HttpRequestRetryExec.execute(HttpRequestRetryExec.java:112)
servicio-pagos  | 	at org.apache.hc.client5.http.impl.classic.ExecChainElement.execute(ExecChainElement.java:51)
servicio-pagos  | 	at org.apache.hc.client5.http.impl.classic.RedirectExec.execute(RedirectExec.java:110)
servicio-pagos  | 	at org.apache.hc.client5.http.impl.classic.ExecChainElement.execute(ExecChainElement.java:51)
servicio-pagos  | 	at org.apache.hc.client5.http.impl.classic.InternalHttpClient.doExecute(InternalHttpClient.java:185)
servicio-pagos  | 	at org.apache.hc.client5.http.impl.classic.CloseableHttpClient.execute(CloseableHttpClient.java:87)
servicio-pagos  | 	at org.apache.hc.client5.http.impl.classic.CloseableHttpClient.execute(CloseableHttpClient.java:55)
servicio-pagos  | 	at org.apache.hc.client5.http.classic.HttpClient.executeOpen(HttpClient.java:183)
servicio-pagos  | 	at org.springframework.http.client.HttpComponentsClientHttpRequest.executeInternal(HttpComponentsClientHttpRequest.java:99)
servicio-pagos  | 	at org.springframework.http.client.AbstractStreamingClientHttpRequest.executeInternal(AbstractStreamingClientHttpRequest.java:87)
servicio-pagos  | 	at org.springframework.http.client.AbstractClientHttpRequest.execute(AbstractClientHttpRequest.java:80)
servicio-pagos  | 	at org.springframework.http.client.AbstractBufferingClientHttpRequest.executeWithRequestAndBody(AbstractBufferingClientHttpRequest.java:89)
servicio-pagos  | 	at org.springframework.http.client.InterceptingClientHttpRequest$EndOfChainRequestExecution.execute(InterceptingClientHttpRequest.java:102)
servicio-pagos  | 	at org.springframework.cloud.netflix.eureka.http.RestClientTransportClientFactory.lambda$newClient$2(RestClientTransportClientFactory.java:98)
servicio-pagos  | 	at org.springframework.http.client.ClientHttpRequestInterceptor.lambda$apply$0(ClientHttpRequestInterceptor.java:89)
servicio-pagos  | 	at org.springframework.http.client.InterceptingClientHttpRequest.executeInternal(InterceptingClientHttpRequest.java:73)
servicio-pagos  | 	at org.springframework.http.client.AbstractBufferingClientHttpRequest.executeInternal(AbstractBufferingClientHttpRequest.java:50)
servicio-pagos  | 	at org.springframework.http.client.AbstractClientHttpRequest.execute(AbstractClientHttpRequest.java:80)
servicio-pagos  | 	at org.springframework.web.client.DefaultRestClient$DefaultRequestBodyUriSpec.exchangeInternal(DefaultRestClient.java:614)
servicio-pagos  | 	... 23 more
servicio-pagos  | 
servicio-pagos  | 2026-06-07T11:40:30.304Z  INFO 1 --- [servicio-pagos] [reshExecutor-%d] c.n.d.s.t.d.RedirectingEurekaHttpClient  : Request execution error. endpoint=DefaultEndpoint{ serviceUrl='http://localhost:8761/eureka/}, exception=I/O error on GET request for "http://localhost:8761/eureka/apps/": Connect to http://localhost:8761 failed: Connection refused stacktrace=org.springframework.web.client.ResourceAccessException: I/O error on GET request for "http://localhost:8761/eureka/apps/": Connect to http://localhost:8761 failed: Connection refused
servicio-pagos  | 	at org.springframework.web.client.DefaultRestClient$DefaultRequestBodyUriSpec.createResourceAccessException(DefaultRestClient.java:779)
servicio-pagos  | 	at org.springframework.web.client.DefaultRestClient$DefaultRequestBodyUriSpec.exchangeInternal(DefaultRestClient.java:624)
servicio-pagos  | 	at org.springframework.web.client.DefaultRestClient$DefaultRequestBodyUriSpec.exchange(DefaultRestClient.java:572)
servicio-pagos  | 	at org.springframework.web.client.RestClient$RequestHeadersSpec.exchange(RestClient.java:747)
servicio-pagos  | 	at org.springframework.web.client.DefaultRestClient$DefaultResponseSpec.executeAndExtract(DefaultRestClient.java:924)
servicio-pagos  | 	at org.springframework.web.client.DefaultRestClient$DefaultResponseSpec.toEntityInternal(DefaultRestClient.java:870)
servicio-pagos  | 	at org.springframework.web.client.DefaultRestClient$DefaultResponseSpec.toEntity(DefaultRestClient.java:859)
servicio-pagos  | 	at org.springframework.cloud.netflix.eureka.http.RestClientEurekaHttpClient.getApplicationsInternal(RestClientEurekaHttpClient.java:201)
servicio-pagos  | 	at org.springframework.cloud.netflix.eureka.http.RestClientEurekaHttpClient.getApplications(RestClientEurekaHttpClient.java:137)
servicio-pagos  | 	at com.netflix.discovery.shared.transport.decorator.EurekaHttpClientDecorator$6.execute(EurekaHttpClientDecorator.java:137)
servicio-pagos  | 	at com.netflix.discovery.shared.transport.decorator.RedirectingEurekaHttpClient.executeOnNewServer(RedirectingEurekaHttpClient.java:121)
servicio-pagos  | 	at com.netflix.discovery.shared.transport.decorator.RedirectingEurekaHttpClient.execute(RedirectingEurekaHttpClient.java:80)
servicio-pagos  | 	at com.netflix.discovery.shared.transport.decorator.EurekaHttpClientDecorator.getApplications(EurekaHttpClientDecorator.java:134)
servicio-pagos  | 	at com.netflix.discovery.shared.transport.decorator.EurekaHttpClientDecorator$6.execute(EurekaHttpClientDecorator.java:137)
servicio-pagos  | 	at com.netflix.discovery.shared.transport.decorator.RetryableEurekaHttpClient.execute(RetryableEurekaHttpClient.java:120)
servicio-pagos  | 	at com.netflix.discovery.shared.transport.decorator.EurekaHttpClientDecorator.getApplications(EurekaHttpClientDecorator.java:134)
servicio-pagos  | 	at com.netflix.discovery.shared.transport.decorator.EurekaHttpClientDecorator$6.execute(EurekaHttpClientDecorator.java:137)
servicio-pagos  | 	at com.netflix.discovery.shared.transport.decorator.SessionedEurekaHttpClient.execute(SessionedEurekaHttpClient.java:76)
servicio-pagos  | 	at com.netflix.discovery.shared.transport.decorator.EurekaHttpClientDecorator.getApplications(EurekaHttpClientDecorator.java:134)
servicio-pagos  | 	at com.netflix.discovery.DiscoveryClient.getAndStoreFullRegistry(DiscoveryClient.java:1046)
servicio-pagos  | 	at com.netflix.discovery.DiscoveryClient.fetchRegistry(DiscoveryClient.java:961)
servicio-pagos  | 	at com.netflix.discovery.DiscoveryClient.refreshRegistry(DiscoveryClient.java:1474)
servicio-pagos  | 	at com.netflix.discovery.DiscoveryClient$CacheRefreshThread.run(DiscoveryClient.java:1442)
servicio-pagos  | 	at java.base/java.util.concurrent.Executors$RunnableAdapter.call(Executors.java:572)
servicio-pagos  | 	at java.base/java.util.concurrent.FutureTask.run(FutureTask.java:317)
servicio-pagos  | 	at java.base/java.util.concurrent.ThreadPoolExecutor.runWorker(ThreadPoolExecutor.java:1144)
servicio-pagos  | 	at java.base/java.util.concurrent.ThreadPoolExecutor$Worker.run(ThreadPoolExecutor.java:642)
servicio-pagos  | 	at java.base/java.lang.Thread.run(Thread.java:1583)
servicio-pagos  | Caused by: org.apache.hc.client5.http.HttpHostConnectException: Connect to http://localhost:8761 failed: Connection refused
servicio-pagos  | 	at java.base/sun.nio.ch.Net.pollConnect(Native Method)
servicio-pagos  | 	at java.base/sun.nio.ch.Net.pollConnectNow(Net.java:694)
servicio-pagos  | 	at java.base/sun.nio.ch.NioSocketImpl.timedFinishConnect(NioSocketImpl.java:542)
servicio-pagos  | 	at java.base/sun.nio.ch.NioSocketImpl.connect(NioSocketImpl.java:592)
servicio-pagos  | 	at java.base/java.net.SocksSocketImpl.connect(SocksSocketImpl.java:327)
servicio-pagos  | 	at java.base/java.net.Socket.connect(Socket.java:751)
servicio-pagos  | 	at org.apache.hc.client5.http.impl.io.DefaultHttpClientConnectionOperator.connect(DefaultHttpClientConnectionOperator.java:226)
servicio-pagos  | 	at org.apache.hc.client5.http.impl.io.PoolingHttpClientConnectionManager.connect(PoolingHttpClientConnectionManager.java:497)
servicio-pagos  | 	at org.apache.hc.client5.http.impl.classic.InternalExecRuntime.connectEndpoint(InternalExecRuntime.java:164)
servicio-pagos  | 	at org.apache.hc.client5.http.impl.classic.InternalExecRuntime.connectEndpoint(InternalExecRuntime.java:174)
servicio-pagos  | 	at org.apache.hc.client5.http.impl.classic.ConnectExec.execute(ConnectExec.java:144)
servicio-pagos  | 	at org.apache.hc.client5.http.impl.classic.ExecChainElement.execute(ExecChainElement.java:51)
servicio-pagos  | 	at org.apache.hc.client5.http.impl.classic.ProtocolExec.execute(ProtocolExec.java:195)
servicio-pagos  | 	at org.apache.hc.client5.http.impl.classic.ExecChainElement.execute(ExecChainElement.java:51)
servicio-pagos  | 	at org.apache.hc.client5.http.impl.classic.ContentCompressionExec.execute(ContentCompressionExec.java:168)
servicio-pagos  | 	at org.apache.hc.client5.http.impl.classic.ExecChainElement.execute(ExecChainElement.java:51)
servicio-pagos  | 	at org.apache.hc.client5.http.impl.classic.HttpRequestRetryExec.execute(HttpRequestRetryExec.java:112)
servicio-pagos  | 	at org.apache.hc.client5.http.impl.classic.ExecChainElement.execute(ExecChainElement.java:51)
servicio-pagos  | 	at org.apache.hc.client5.http.impl.classic.RedirectExec.execute(RedirectExec.java:110)
servicio-pagos  | 	at org.apache.hc.client5.http.impl.classic.ExecChainElement.execute(ExecChainElement.java:51)
servicio-pagos  | 	at org.apache.hc.client5.http.impl.classic.InternalHttpClient.doExecute(InternalHttpClient.java:185)
servicio-pagos  | 	at org.apache.hc.client5.http.impl.classic.CloseableHttpClient.execute(CloseableHttpClient.java:87)
servicio-pagos  | 	at org.apache.hc.client5.http.impl.classic.CloseableHttpClient.execute(CloseableHttpClient.java:55)
servicio-pagos  | 	at org.apache.hc.client5.http.classic.HttpClient.executeOpen(HttpClient.java:183)
servicio-pagos  | 	at org.springframework.http.client.HttpComponentsClientHttpRequest.executeInternal(HttpComponentsClientHttpRequest.java:99)
servicio-pagos  | 	at org.springframework.http.client.AbstractStreamingClientHttpRequest.executeInternal(AbstractStreamingClientHttpRequest.java:87)
servicio-pagos  | 	at org.springframework.http.client.AbstractClientHttpRequest.execute(AbstractClientHttpRequest.java:80)
servicio-pagos  | 	at org.springframework.http.client.AbstractBufferingClientHttpRequest.executeWithRequestAndBody(AbstractBufferingClientHttpRequest.java:89)
servicio-pagos  | 	at org.springframework.http.client.InterceptingClientHttpRequest$EndOfChainRequestExecution.execute(InterceptingClientHttpRequest.java:102)
servicio-pagos  | 	at org.springframework.cloud.netflix.eureka.http.RestClientTransportClientFactory.lambda$newClient$2(RestClientTransportClientFactory.java:98)
servicio-pagos  | 	at org.springframework.http.client.ClientHttpRequestInterceptor.lambda$apply$0(ClientHttpRequestInterceptor.java:89)
servicio-pagos  | 	at org.springframework.http.client.InterceptingClientHttpRequest.executeInternal(InterceptingClientHttpRequest.java:73)
servicio-pagos  | 	at org.springframework.http.client.AbstractBufferingClientHttpRequest.executeInternal(AbstractBufferingClientHttpRequest.java:50)
servicio-pagos  | 	at org.springframework.http.client.AbstractClientHttpRequest.execute(AbstractClientHttpRequest.java:80)
servicio-pagos  | 	at org.springframework.web.client.DefaultRestClient$DefaultRequestBodyUriSpec.exchangeInternal(DefaultRestClient.java:614)
servicio-pagos  | 	... 26 more
servicio-pagos  | 
servicio-pagos  | 2026-06-07T11:40:30.304Z  WARN 1 --- [servicio-pagos] [beatExecutor-%d] c.n.d.s.t.d.RetryableEurekaHttpClient    : Request execution failed with message: I/O error on PUT request for "http://localhost:8761/eureka/apps/SERVICIO-PAGOS/07e9a31ce37f:servicio-pagos:8085": Connect to http://localhost:8761 failed: Connection refused
servicio-pagos  | 2026-06-07T11:40:30.304Z  WARN 1 --- [servicio-pagos] [reshExecutor-%d] c.n.d.s.t.d.RetryableEurekaHttpClient    : Request execution failed with message: I/O error on GET request for "http://localhost:8761/eureka/apps/": Connect to http://localhost:8761 failed: Connection refused
servicio-pagos  | 2026-06-07T11:40:30.304Z  INFO 1 --- [servicio-pagos] [reshExecutor-%d] com.netflix.discovery.DiscoveryClient    : DiscoveryClient_SERVICIO-PAGOS/07e9a31ce37f:servicio-pagos:8085 - was unable to refresh its cache! This periodic background refresh will be retried in 30 seconds. status = Cannot execute request on any known server stacktrace = com.netflix.discovery.shared.transport.TransportException: Cannot execute request on any known server
servicio-pagos  | 	at com.netflix.discovery.shared.transport.decorator.RetryableEurekaHttpClient.execute(RetryableEurekaHttpClient.java:112)
servicio-pagos  | 	at com.netflix.discovery.shared.transport.decorator.EurekaHttpClientDecorator.getApplications(EurekaHttpClientDecorator.java:134)
servicio-pagos  | 	at com.netflix.discovery.shared.transport.decorator.EurekaHttpClientDecorator$6.execute(EurekaHttpClientDecorator.java:137)
servicio-pagos  | 	at com.netflix.discovery.shared.transport.decorator.SessionedEurekaHttpClient.execute(SessionedEurekaHttpClient.java:76)
servicio-pagos  | 	at com.netflix.discovery.shared.transport.decorator.EurekaHttpClientDecorator.getApplications(EurekaHttpClientDecorator.java:134)
servicio-pagos  | 	at com.netflix.discovery.DiscoveryClient.getAndStoreFullRegistry(DiscoveryClient.java:1046)
servicio-pagos  | 	at com.netflix.discovery.DiscoveryClient.fetchRegistry(DiscoveryClient.java:961)
servicio-pagos  | 	at com.netflix.discovery.DiscoveryClient.refreshRegistry(DiscoveryClient.java:1474)
servicio-pagos  | 	at com.netflix.discovery.DiscoveryClient$CacheRefreshThread.run(DiscoveryClient.java:1442)
servicio-pagos  | 	at java.base/java.util.concurrent.Executors$RunnableAdapter.call(Executors.java:572)
servicio-pagos  | 	at java.base/java.util.concurrent.FutureTask.run(FutureTask.java:317)
servicio-pagos  | 	at java.base/java.util.concurrent.ThreadPoolExecutor.runWorker(ThreadPoolExecutor.java:1144)
servicio-pagos  | 	at java.base/java.util.concurrent.ThreadPoolExecutor$Worker.run(ThreadPoolExecutor.java:642)
servicio-pagos  | 	at java.base/java.lang.Thread.run(Thread.java:1583)
servicio-pagos  | 
servicio-pagos  | 2026-06-07T11:40:30.304Z ERROR 1 --- [servicio-pagos] [beatExecutor-%d] com.netflix.discovery.DiscoveryClient    : DiscoveryClient_SERVICIO-PAGOS/07e9a31ce37f:servicio-pagos:8085 - was unable to send heartbeat!
servicio-pagos  | 
servicio-pagos  | com.netflix.discovery.shared.transport.TransportException: Cannot execute request on any known server
servicio-pagos  | 	at com.netflix.discovery.shared.transport.decorator.RetryableEurekaHttpClient.execute(RetryableEurekaHttpClient.java:112) ~[eureka-client-2.0.5.jar!/:2.0.5]
servicio-pagos  | 	at com.netflix.discovery.shared.transport.decorator.EurekaHttpClientDecorator.sendHeartBeat(EurekaHttpClientDecorator.java:89) ~[eureka-client-2.0.5.jar!/:2.0.5]
servicio-pagos  | 	at com.netflix.discovery.shared.transport.decorator.EurekaHttpClientDecorator$3.execute(EurekaHttpClientDecorator.java:92) ~[eureka-client-2.0.5.jar!/:2.0.5]
servicio-pagos  | 	at com.netflix.discovery.shared.transport.decorator.SessionedEurekaHttpClient.execute(SessionedEurekaHttpClient.java:76) ~[eureka-client-2.0.5.jar!/:2.0.5]
servicio-pagos  | 	at com.netflix.discovery.shared.transport.decorator.EurekaHttpClientDecorator.sendHeartBeat(EurekaHttpClientDecorator.java:89) ~[eureka-client-2.0.5.jar!/:2.0.5]
servicio-pagos  | 	at com.netflix.discovery.DiscoveryClient.renew(DiscoveryClient.java:845) ~[eureka-client-2.0.5.jar!/:2.0.5]
servicio-pagos  | 	at com.netflix.discovery.DiscoveryClient$HeartbeatThread.run(DiscoveryClient.java:1403) ~[eureka-client-2.0.5.jar!/:2.0.5]
servicio-pagos  | 	at java.base/java.util.concurrent.Executors$RunnableAdapter.call(Executors.java:572) ~[na:na]
servicio-pagos  | 	at java.base/java.util.concurrent.FutureTask.run(FutureTask.java:317) ~[na:na]
servicio-pagos  | 	at java.base/java.util.concurrent.ThreadPoolExecutor.runWorker(ThreadPoolExecutor.java:1144) ~[na:na]
servicio-pagos  | 	at java.base/java.util.concurrent.ThreadPoolExecutor$Worker.run(ThreadPoolExecutor.java:642) ~[na:na]
servicio-pagos  | 	at java.base/java.lang.Thread.run(Thread.java:1583) ~[na:na]
servicio-pagos  | 
servicio-pagos  | 2026-06-07T11:40:30.818Z  INFO 1 --- [servicio-pagos] [foReplicator-%d] com.netflix.discovery.DiscoveryClient    : DiscoveryClient_SERVICIO-PAGOS/07e9a31ce37f:servicio-pagos:8085: registering service...
servicio-pagos  | 2026-06-07T11:40:30.829Z  INFO 1 --- [servicio-pagos] [foReplicator-%d] c.n.d.s.t.d.RedirectingEurekaHttpClient  : Request execution error. endpoint=DefaultEndpoint{ serviceUrl='http://localhost:8761/eureka/}, exception=I/O error on POST request for "http://localhost:8761/eureka/apps/SERVICIO-PAGOS": Connect to http://localhost:8761 failed: Connection refused stacktrace=org.springframework.web.client.ResourceAccessException: I/O error on POST request for "http://localhost:8761/eureka/apps/SERVICIO-PAGOS": Connect to http://localhost:8761 failed: Connection refused
servicio-pagos  | 	at org.springframework.web.client.DefaultRestClient$DefaultRequestBodyUriSpec.createResourceAccessException(DefaultRestClient.java:779)
servicio-pagos  | 	at org.springframework.web.client.DefaultRestClient$DefaultRequestBodyUriSpec.exchangeInternal(DefaultRestClient.java:624)
servicio-pagos  | 	at org.springframework.web.client.DefaultRestClient$DefaultRequestBodyUriSpec.exchange(DefaultRestClient.java:572)
servicio-pagos  | 	at org.springframework.web.client.RestClient$RequestHeadersSpec.exchange(RestClient.java:747)
servicio-pagos  | 	at org.springframework.web.client.DefaultRestClient$DefaultResponseSpec.executeAndExtract(DefaultRestClient.java:924)
servicio-pagos  | 	at org.springframework.web.client.DefaultRestClient$DefaultResponseSpec.toBodilessEntity(DefaultRestClient.java:888)
servicio-pagos  | 	at org.springframework.cloud.netflix.eureka.http.RestClientEurekaHttpClient.register(RestClientEurekaHttpClient.java:64)
servicio-pagos  | 	at com.netflix.discovery.shared.transport.decorator.EurekaHttpClientDecorator$1.execute(EurekaHttpClientDecorator.java:59)
servicio-pagos  | 	at com.netflix.discovery.shared.transport.decorator.RedirectingEurekaHttpClient.executeOnNewServer(RedirectingEurekaHttpClient.java:121)
servicio-pagos  | 	at com.netflix.discovery.shared.transport.decorator.RedirectingEurekaHttpClient.execute(RedirectingEurekaHttpClient.java:80)
servicio-pagos  | 	at com.netflix.discovery.shared.transport.decorator.EurekaHttpClientDecorator.register(EurekaHttpClientDecorator.java:56)
servicio-pagos  | 	at com.netflix.discovery.shared.transport.decorator.EurekaHttpClientDecorator$1.execute(EurekaHttpClientDecorator.java:59)
servicio-pagos  | 	at com.netflix.discovery.shared.transport.decorator.RetryableEurekaHttpClient.execute(RetryableEurekaHttpClient.java:120)
servicio-pagos  | 	at com.netflix.discovery.shared.transport.decorator.EurekaHttpClientDecorator.register(EurekaHttpClientDecorator.java:56)
servicio-pagos  | 	at com.netflix.discovery.shared.transport.decorator.EurekaHttpClientDecorator$1.execute(EurekaHttpClientDecorator.java:59)
servicio-pagos  | 	at com.netflix.discovery.shared.transport.decorator.SessionedEurekaHttpClient.execute(SessionedEurekaHttpClient.java:76)
servicio-pagos  | 	at com.netflix.discovery.shared.transport.decorator.EurekaHttpClientDecorator.register(EurekaHttpClientDecorator.java:56)
servicio-pagos  | 	at com.netflix.discovery.DiscoveryClient.register(DiscoveryClient.java:828)
servicio-pagos  | 	at com.netflix.discovery.InstanceInfoReplicator.run(InstanceInfoReplicator.java:125)
servicio-pagos  | 	at java.base/java.util.concurrent.Executors$RunnableAdapter.call(Executors.java:572)
servicio-pagos  | 	at java.base/java.util.concurrent.FutureTask.run(FutureTask.java:317)
servicio-pagos  | 	at java.base/java.util.concurrent.ScheduledThreadPoolExecutor$ScheduledFutureTask.run(ScheduledThreadPoolExecutor.java:304)
servicio-pagos  | 	at java.base/java.util.concurrent.ThreadPoolExecutor.runWorker(ThreadPoolExecutor.java:1144)
servicio-pagos  | 	at java.base/java.util.concurrent.ThreadPoolExecutor$Worker.run(ThreadPoolExecutor.java:642)
servicio-pagos  | 	at java.base/java.lang.Thread.run(Thread.java:1583)
servicio-pagos  | Caused by: org.apache.hc.client5.http.HttpHostConnectException: Connect to http://localhost:8761 failed: Connection refused
servicio-pagos  | 	at java.base/sun.nio.ch.Net.pollConnect(Native Method)
servicio-pagos  | 	at java.base/sun.nio.ch.Net.pollConnectNow(Net.java:694)
servicio-pagos  | 	at java.base/sun.nio.ch.NioSocketImpl.timedFinishConnect(NioSocketImpl.java:542)
servicio-pagos  | 	at java.base/sun.nio.ch.NioSocketImpl.connect(NioSocketImpl.java:592)
servicio-pagos  | 	at java.base/java.net.SocksSocketImpl.connect(SocksSocketImpl.java:327)
servicio-pagos  | 	at java.base/java.net.Socket.connect(Socket.java:751)
servicio-pagos  | 	at org.apache.hc.client5.http.impl.io.DefaultHttpClientConnectionOperator.connect(DefaultHttpClientConnectionOperator.java:226)
servicio-pagos  | 	at org.apache.hc.client5.http.impl.io.PoolingHttpClientConnectionManager.connect(PoolingHttpClientConnectionManager.java:497)
servicio-pagos  | 	at org.apache.hc.client5.http.impl.classic.InternalExecRuntime.connectEndpoint(InternalExecRuntime.java:164)
servicio-pagos  | 	at org.apache.hc.client5.http.impl.classic.InternalExecRuntime.connectEndpoint(InternalExecRuntime.java:174)
servicio-pagos  | 	at org.apache.hc.client5.http.impl.classic.ConnectExec.execute(ConnectExec.java:144)
servicio-pagos  | 	at org.apache.hc.client5.http.impl.classic.ExecChainElement.execute(ExecChainElement.java:51)
servicio-pagos  | 	at org.apache.hc.client5.http.impl.classic.ProtocolExec.execute(ProtocolExec.java:195)
servicio-pagos  | 	at org.apache.hc.client5.http.impl.classic.ExecChainElement.execute(ExecChainElement.java:51)
servicio-pagos  | 	at org.apache.hc.client5.http.impl.classic.ContentCompressionExec.execute(ContentCompressionExec.java:168)
servicio-pagos  | 	at org.apache.hc.client5.http.impl.classic.ExecChainElement.execute(ExecChainElement.java:51)
servicio-pagos  | 	at org.apache.hc.client5.http.impl.classic.HttpRequestRetryExec.execute(HttpRequestRetryExec.java:112)
servicio-pagos  | 	at org.apache.hc.client5.http.impl.classic.ExecChainElement.execute(ExecChainElement.java:51)
servicio-pagos  | 	at org.apache.hc.client5.http.impl.classic.RedirectExec.execute(RedirectExec.java:110)
servicio-pagos  | 	at org.apache.hc.client5.http.impl.classic.ExecChainElement.execute(ExecChainElement.java:51)
servicio-pagos  | 	at org.apache.hc.client5.http.impl.classic.InternalHttpClient.doExecute(InternalHttpClient.java:185)
servicio-pagos  | 	at org.apache.hc.client5.http.impl.classic.CloseableHttpClient.execute(CloseableHttpClient.java:87)
servicio-pagos  | 	at org.apache.hc.client5.http.impl.classic.CloseableHttpClient.execute(CloseableHttpClient.java:55)
servicio-pagos  | 	at org.apache.hc.client5.http.classic.HttpClient.executeOpen(HttpClient.java:183)
servicio-pagos  | 	at org.springframework.http.client.HttpComponentsClientHttpRequest.executeInternal(HttpComponentsClientHttpRequest.java:99)
servicio-pagos  | 	at org.springframework.http.client.AbstractStreamingClientHttpRequest.executeInternal(AbstractStreamingClientHttpRequest.java:87)
servicio-pagos  | 	at org.springframework.http.client.AbstractClientHttpRequest.execute(AbstractClientHttpRequest.java:80)
servicio-pagos  | 	at org.springframework.http.client.AbstractBufferingClientHttpRequest.executeWithRequestAndBody(AbstractBufferingClientHttpRequest.java:89)
servicio-pagos  | 	at org.springframework.http.client.InterceptingClientHttpRequest$EndOfChainRequestExecution.execute(InterceptingClientHttpRequest.java:102)
servicio-pagos  | 	at org.springframework.cloud.netflix.eureka.http.RestClientTransportClientFactory.lambda$newClient$2(RestClientTransportClientFactory.java:98)
servicio-pagos  | 	at org.springframework.http.client.ClientHttpRequestInterceptor.lambda$apply$0(ClientHttpRequestInterceptor.java:89)
servicio-pagos  | 	at org.springframework.http.client.InterceptingClientHttpRequest.executeInternal(InterceptingClientHttpRequest.java:73)
servicio-pagos  | 	at org.springframework.http.client.AbstractBufferingClientHttpRequest.executeInternal(AbstractBufferingClientHttpRequest.java:50)
servicio-pagos  | 	at org.springframework.http.client.AbstractClientHttpRequest.execute(AbstractClientHttpRequest.java:80)
servicio-pagos  | 	at org.springframework.web.client.DefaultRestClient$DefaultRequestBodyUriSpec.exchangeInternal(DefaultRestClient.java:614)
servicio-pagos  | 	... 23 more
servicio-pagos  | 
servicio-pagos  | 2026-06-07T11:40:30.829Z  WARN 1 --- [servicio-pagos] [foReplicator-%d] c.n.d.s.t.d.RetryableEurekaHttpClient    : Request execution failed with message: I/O error on POST request for "http://localhost:8761/eureka/apps/SERVICIO-PAGOS": Connect to http://localhost:8761 failed: Connection refused
servicio-pagos  | 2026-06-07T11:40:30.829Z  WARN 1 --- [servicio-pagos] [foReplicator-%d] com.netflix.discovery.DiscoveryClient    : DiscoveryClient_SERVICIO-PAGOS/07e9a31ce37f:servicio-pagos:8085 - registration failed Cannot execute request on any known server
servicio-pagos  | 
servicio-pagos  | com.netflix.discovery.shared.transport.TransportException: Cannot execute request on any known server
servicio-pagos  | 	at com.netflix.discovery.shared.transport.decorator.RetryableEurekaHttpClient.execute(RetryableEurekaHttpClient.java:112) ~[eureka-client-2.0.5.jar!/:2.0.5]
servicio-pagos  | 	at com.netflix.discovery.shared.transport.decorator.EurekaHttpClientDecorator.register(EurekaHttpClientDecorator.java:56) ~[eureka-client-2.0.5.jar!/:2.0.5]
servicio-pagos  | 	at com.netflix.discovery.shared.transport.decorator.EurekaHttpClientDecorator$1.execute(EurekaHttpClientDecorator.java:59) ~[eureka-client-2.0.5.jar!/:2.0.5]
servicio-pagos  | 	at com.netflix.discovery.shared.transport.decorator.SessionedEurekaHttpClient.execute(SessionedEurekaHttpClient.java:76) ~[eureka-client-2.0.5.jar!/:2.0.5]
servicio-pagos  | 	at com.netflix.discovery.shared.transport.decorator.EurekaHttpClientDecorator.register(EurekaHttpClientDecorator.java:56) ~[eureka-client-2.0.5.jar!/:2.0.5]
servicio-pagos  | 	at com.netflix.discovery.DiscoveryClient.register(DiscoveryClient.java:828) ~[eureka-client-2.0.5.jar!/:2.0.5]
servicio-pagos  | 	at com.netflix.discovery.InstanceInfoReplicator.run(InstanceInfoReplicator.java:125) ~[eureka-client-2.0.5.jar!/:2.0.5]
servicio-pagos  | 	at java.base/java.util.concurrent.Executors$RunnableAdapter.call(Executors.java:572) ~[na:na]
servicio-pagos  | 	at java.base/java.util.concurrent.FutureTask.run(FutureTask.java:317) ~[na:na]
servicio-pagos  | 	at java.base/java.util.concurrent.ScheduledThreadPoolExecutor$ScheduledFutureTask.run(ScheduledThreadPoolExecutor.java:304) ~[na:na]
servicio-pagos  | 	at java.base/java.util.concurrent.ThreadPoolExecutor.runWorker(ThreadPoolExecutor.java:1144) ~[na:na]
servicio-pagos  | 	at java.base/java.util.concurrent.ThreadPoolExecutor$Worker.run(ThreadPoolExecutor.java:642) ~[na:na]
servicio-pagos  | 	at java.base/java.lang.Thread.run(Thread.java:1583) ~[na:na]
servicio-pagos  | 
servicio-pagos  | 2026-06-07T11:40:30.829Z  WARN 1 --- [servicio-pagos] [foReplicator-%d] c.n.discovery.InstanceInfoReplicator     : There was a problem with the instance info replicator
servicio-pagos  | 
servicio-pagos  | com.netflix.discovery.shared.transport.TransportException: Cannot execute request on any known server
servicio-pagos  | 	at com.netflix.discovery.shared.transport.decorator.RetryableEurekaHttpClient.execute(RetryableEurekaHttpClient.java:112) ~[eureka-client-2.0.5.jar!/:2.0.5]
servicio-pagos  | 	at com.netflix.discovery.shared.transport.decorator.EurekaHttpClientDecorator.register(EurekaHttpClientDecorator.java:56) ~[eureka-client-2.0.5.jar!/:2.0.5]
servicio-pagos  | 	at com.netflix.discovery.shared.transport.decorator.EurekaHttpClientDecorator$1.execute(EurekaHttpClientDecorator.java:59) ~[eureka-client-2.0.5.jar!/:2.0.5]
servicio-pagos  | 	at com.netflix.discovery.shared.transport.decorator.SessionedEurekaHttpClient.execute(SessionedEurekaHttpClient.java:76) ~[eureka-client-2.0.5.jar!/:2.0.5]
servicio-pagos  | 	at com.netflix.discovery.shared.transport.decorator.EurekaHttpClientDecorator.register(EurekaHttpClientDecorator.java:56) ~[eureka-client-2.0.5.jar!/:2.0.5]
servicio-pagos  | 	at com.netflix.discovery.DiscoveryClient.register(DiscoveryClient.java:828) ~[eureka-client-2.0.5.jar!/:2.0.5]
servicio-pagos  | 	at com.netflix.discovery.InstanceInfoReplicator.run(InstanceInfoReplicator.java:125) ~[eureka-client-2.0.5.jar!/:2.0.5]
servicio-pagos  | 	at java.base/java.util.concurrent.Executors$RunnableAdapter.call(Executors.java:572) ~[na:na]
servicio-pagos  | 	at java.base/java.util.concurrent.FutureTask.run(FutureTask.java:317) ~[na:na]
servicio-pagos  | 	at java.base/java.util.concurrent.ScheduledThreadPoolExecutor$ScheduledFutureTask.run(ScheduledThreadPoolExecutor.java:304) ~[na:na]
servicio-pagos  | 	at java.base/java.util.concurrent.ThreadPoolExecutor.runWorker(ThreadPoolExecutor.java:1144) ~[na:na]
servicio-pagos  | 	at java.base/java.util.concurrent.ThreadPoolExecutor$Worker.run(ThreadPoolExecutor.java:642) ~[na:na]
servicio-pagos  | 	at java.base/java.lang.Thread.run(Thread.java:1583) ~[na:na]
servicio-pagos  | 
servicio-pagos  | 2026-06-07T11:40:50.355Z  INFO 1 --- [servicio-pagos] [nio-8085-exec-1] o.a.c.c.C.[Tomcat].[localhost].[/]       : Initializing Spring DispatcherServlet 'dispatcherServlet'
servicio-pagos  | 2026-06-07T11:40:50.355Z  INFO 1 --- [servicio-pagos] [nio-8085-exec-1] o.s.web.servlet.DispatcherServlet        : Initializing Servlet 'dispatcherServlet'
servicio-pagos  | 2026-06-07T11:40:50.359Z  INFO 1 --- [servicio-pagos] [nio-8085-exec-1] o.s.web.servlet.DispatcherServlet        : Completed initialization in 4 ms
servicio-pagos  | 2026-06-07T11:40:50.403Z  INFO 1 --- [servicio-pagos] [nio-8085-exec-1] com.zaxxer.hikari.HikariDataSource       : HikariPool-1 - Starting...
servicio-pagos  | 2026-06-07T11:40:50.499Z  INFO 1 --- [servicio-pagos] [nio-8085-exec-1] com.zaxxer.hikari.pool.HikariPool        : HikariPool-1 - Added connection com.mysql.cj.jdbc.ConnectionImpl@6052ca2
servicio-pagos  | 2026-06-07T11:40:50.502Z  INFO 1 --- [servicio-pagos] [nio-8085-exec-1] com.zaxxer.hikari.HikariDataSource       : HikariPool-1 - Start completed.
servicio-pagos  | 2026-06-07T11:40:50.686Z  WARN 1 --- [servicio-pagos] [nio-8085-exec-1] org.hibernate.orm.jdbc.error             : HHH000247: ErrorCode: 1146, SQLState: 42S02
servicio-pagos  | 2026-06-07T11:40:50.687Z  WARN 1 --- [servicio-pagos] [nio-8085-exec-1] org.hibernate.orm.jdbc.error             : Table 'db_gimnasio_pagos.pagos' doesn't exist
servicio-pagos  | 2026-06-07T11:41:00.301Z  INFO 1 --- [servicio-pagos] [reshExecutor-%d] com.netflix.discovery.DiscoveryClient    : Disable delta property : false
servicio-pagos  | 2026-06-07T11:41:00.302Z  INFO 1 --- [servicio-pagos] [reshExecutor-%d] com.netflix.discovery.DiscoveryClient    : Single vip registry refresh property : null
servicio-pagos  | 2026-06-07T11:41:00.303Z  INFO 1 --- [servicio-pagos] [reshExecutor-%d] com.netflix.discovery.DiscoveryClient    : Force full registry fetch : false
servicio-pagos  | 2026-06-07T11:41:00.303Z  INFO 1 --- [servicio-pagos] [reshExecutor-%d] com.netflix.discovery.DiscoveryClient    : Application is null : false
servicio-pagos  | 2026-06-07T11:41:00.303Z  INFO 1 --- [servicio-pagos] [reshExecutor-%d] com.netflix.discovery.DiscoveryClient    : Registered Applications size is zero : true
servicio-pagos  | 2026-06-07T11:41:00.303Z  INFO 1 --- [servicio-pagos] [reshExecutor-%d] com.netflix.discovery.DiscoveryClient    : Application version is -1: true
servicio-pagos  | 2026-06-07T11:41:00.304Z  INFO 1 --- [servicio-pagos] [reshExecutor-%d] com.netflix.discovery.DiscoveryClient    : Getting all instance registry info from the eureka server
servicio-pagos  | 2026-06-07T11:41:00.311Z  INFO 1 --- [servicio-pagos] [beatExecutor-%d] c.n.d.s.t.d.RedirectingEurekaHttpClient  : Request execution error. endpoint=DefaultEndpoint{ serviceUrl='http://localhost:8761/eureka/}, exception=I/O error on PUT request for "http://localhost:8761/eureka/apps/SERVICIO-PAGOS/07e9a31ce37f:servicio-pagos:8085": Connect to http://localhost:8761 failed: Connection refused stacktrace=org.springframework.web.client.ResourceAccessException: I/O error on PUT request for "http://localhost:8761/eureka/apps/SERVICIO-PAGOS/07e9a31ce37f:servicio-pagos:8085": Connect to http://localhost:8761 failed: Connection refused
servicio-pagos  | 	at org.springframework.web.client.DefaultRestClient$DefaultRequestBodyUriSpec.createResourceAccessException(DefaultRestClient.java:779)
servicio-pagos  | 	at org.springframework.web.client.DefaultRestClient$DefaultRequestBodyUriSpec.exchangeInternal(DefaultRestClient.java:624)
servicio-pagos  | 	at org.springframework.web.client.DefaultRestClient$DefaultRequestBodyUriSpec.exchange(DefaultRestClient.java:572)
servicio-pagos  | 	at org.springframework.web.client.RestClient$RequestHeadersSpec.exchange(RestClient.java:747)
servicio-pagos  | 	at org.springframework.web.client.DefaultRestClient$DefaultResponseSpec.executeAndExtract(DefaultRestClient.java:924)
servicio-pagos  | 	at org.springframework.web.client.DefaultRestClient$DefaultResponseSpec.toEntityInternal(DefaultRestClient.java:870)
servicio-pagos  | 	at org.springframework.web.client.DefaultRestClient$DefaultResponseSpec.toEntity(DefaultRestClient.java:859)
servicio-pagos  | 	at org.springframework.cloud.netflix.eureka.http.RestClientEurekaHttpClient.sendHeartBeat(RestClientEurekaHttpClient.java:91)
servicio-pagos  | 	at com.netflix.discovery.shared.transport.decorator.EurekaHttpClientDecorator$3.execute(EurekaHttpClientDecorator.java:92)
servicio-pagos  | 	at com.netflix.discovery.shared.transport.decorator.RedirectingEurekaHttpClient.executeOnNewServer(RedirectingEurekaHttpClient.java:121)
servicio-pagos  | 	at com.netflix.discovery.shared.transport.decorator.RedirectingEurekaHttpClient.execute(RedirectingEurekaHttpClient.java:80)
servicio-pagos  | 	at com.netflix.discovery.shared.transport.decorator.EurekaHttpClientDecorator.sendHeartBeat(EurekaHttpClientDecorator.java:89)
servicio-pagos  | 	at com.netflix.discovery.shared.transport.decorator.EurekaHttpClientDecorator$3.execute(EurekaHttpClientDecorator.java:92)
servicio-pagos  | 	at com.netflix.discovery.shared.transport.decorator.RetryableEurekaHttpClient.execute(RetryableEurekaHttpClient.java:120)
servicio-pagos  | 	at com.netflix.discovery.shared.transport.decorator.EurekaHttpClientDecorator.sendHeartBeat(EurekaHttpClientDecorator.java:89)
servicio-pagos  | 	at com.netflix.discovery.shared.transport.decorator.EurekaHttpClientDecorator$3.execute(EurekaHttpClientDecorator.java:92)
servicio-pagos  | 	at com.netflix.discovery.shared.transport.decorator.SessionedEurekaHttpClient.execute(SessionedEurekaHttpClient.java:76)
servicio-pagos  | 	at com.netflix.discovery.shared.transport.decorator.EurekaHttpClientDecorator.sendHeartBeat(EurekaHttpClientDecorator.java:89)
servicio-pagos  | 	at com.netflix.discovery.DiscoveryClient.renew(DiscoveryClient.java:845)
servicio-pagos  | 	at com.netflix.discovery.DiscoveryClient$HeartbeatThread.run(DiscoveryClient.java:1403)
servicio-pagos  | 	at java.base/java.util.concurrent.Executors$RunnableAdapter.call(Executors.java:572)
servicio-pagos  | 	at java.base/java.util.concurrent.FutureTask.run(FutureTask.java:317)
servicio-pagos  | 	at java.base/java.util.concurrent.ThreadPoolExecutor.runWorker(ThreadPoolExecutor.java:1144)
servicio-pagos  | 	at java.base/java.util.concurrent.ThreadPoolExecutor$Worker.run(ThreadPoolExecutor.java:642)
servicio-pagos  | 	at java.base/java.lang.Thread.run(Thread.java:1583)
servicio-pagos  | Caused by: org.apache.hc.client5.http.HttpHostConnectException: Connect to http://localhost:8761 failed: Connection refused
servicio-pagos  | 	at java.base/sun.nio.ch.Net.pollConnect(Native Method)
servicio-pagos  | 	at java.base/sun.nio.ch.Net.pollConnectNow(Net.java:694)
servicio-pagos  | 	at java.base/sun.nio.ch.NioSocketImpl.timedFinishConnect(NioSocketImpl.java:542)
servicio-pagos  | 	at java.base/sun.nio.ch.NioSocketImpl.connect(NioSocketImpl.java:592)
servicio-pagos  | 	at java.base/java.net.SocksSocketImpl.connect(SocksSocketImpl.java:327)
servicio-pagos  | 	at java.base/java.net.Socket.connect(Socket.java:751)
servicio-pagos  | 	at org.apache.hc.client5.http.impl.io.DefaultHttpClientConnectionOperator.connect(DefaultHttpClientConnectionOperator.java:226)
servicio-pagos  | 	at org.apache.hc.client5.http.impl.io.PoolingHttpClientConnectionManager.connect(PoolingHttpClientConnectionManager.java:497)
servicio-pagos  | 	at org.apache.hc.client5.http.impl.classic.InternalExecRuntime.connectEndpoint(InternalExecRuntime.java:164)
servicio-pagos  | 	at org.apache.hc.client5.http.impl.classic.InternalExecRuntime.connectEndpoint(InternalExecRuntime.java:174)
servicio-pagos  | 	at org.apache.hc.client5.http.impl.classic.ConnectExec.execute(ConnectExec.java:144)
servicio-pagos  | 	at org.apache.hc.client5.http.impl.classic.ExecChainElement.execute(ExecChainElement.java:51)
servicio-pagos  | 	at org.apache.hc.client5.http.impl.classic.ProtocolExec.execute(ProtocolExec.java:195)
servicio-pagos  | 	at org.apache.hc.client5.http.impl.classic.ExecChainElement.execute(ExecChainElement.java:51)
servicio-pagos  | 	at org.apache.hc.client5.http.impl.classic.ContentCompressionExec.execute(ContentCompressionExec.java:168)
servicio-pagos  | 	at org.apache.hc.client5.http.impl.classic.ExecChainElement.execute(ExecChainElement.java:51)
servicio-pagos  | 	at org.apache.hc.client5.http.impl.classic.HttpRequestRetryExec.execute(HttpRequestRetryExec.java:112)
servicio-pagos  | 	at org.apache.hc.client5.http.impl.classic.ExecChainElement.execute(ExecChainElement.java:51)
servicio-pagos  | 	at org.apache.hc.client5.http.impl.classic.RedirectExec.execute(RedirectExec.java:110)
servicio-pagos  | 	at org.apache.hc.client5.http.impl.classic.ExecChainElement.execute(ExecChainElement.java:51)
servicio-pagos  | 	at org.apache.hc.client5.http.impl.classic.InternalHttpClient.doExecute(InternalHttpClient.java:185)
servicio-pagos  | 	at org.apache.hc.client5.http.impl.classic.CloseableHttpClient.execute(CloseableHttpClient.java:87)
servicio-pagos  | 	at org.apache.hc.client5.http.impl.classic.CloseableHttpClient.execute(CloseableHttpClient.java:55)
servicio-pagos  | 	at org.apache.hc.client5.http.classic.HttpClient.executeOpen(HttpClient.java:183)
servicio-pagos  | 	at org.springframework.http.client.HttpComponentsClientHttpRequest.executeInternal(HttpComponentsClientHttpRequest.java:99)
servicio-pagos  | 	at org.springframework.http.client.AbstractStreamingClientHttpRequest.executeInternal(AbstractStreamingClientHttpRequest.java:87)
servicio-pagos  | 	at org.springframework.http.client.AbstractClientHttpRequest.execute(AbstractClientHttpRequest.java:80)
servicio-pagos  | 	at org.springframework.http.client.AbstractBufferingClientHttpRequest.executeWithRequestAndBody(AbstractBufferingClientHttpRequest.java:89)
servicio-pagos  | 	at org.springframework.http.client.InterceptingClientHttpRequest$EndOfChainRequestExecution.execute(InterceptingClientHttpRequest.java:102)
servicio-pagos  | 	at org.springframework.cloud.netflix.eureka.http.RestClientTransportClientFactory.lambda$newClient$2(RestClientTransportClientFactory.java:98)
servicio-pagos  | 	at org.springframework.http.client.ClientHttpRequestInterceptor.lambda$apply$0(ClientHttpRequestInterceptor.java:89)
servicio-pagos  | 	at org.springframework.http.client.InterceptingClientHttpRequest.executeInternal(InterceptingClientHttpRequest.java:73)
servicio-pagos  | 	at org.springframework.http.client.AbstractBufferingClientHttpRequest.executeInternal(AbstractBufferingClientHttpRequest.java:50)
servicio-pagos  | 	at org.springframework.http.client.AbstractClientHttpRequest.execute(AbstractClientHttpRequest.java:80)
servicio-pagos  | 	at org.springframework.web.client.DefaultRestClient$DefaultRequestBodyUriSpec.exchangeInternal(DefaultRestClient.java:614)
servicio-pagos  | 	... 23 more
servicio-pagos  | 
servicio-pagos  | 2026-06-07T11:41:00.311Z  INFO 1 --- [servicio-pagos] [reshExecutor-%d] c.n.d.s.t.d.RedirectingEurekaHttpClient  : Request execution error. endpoint=DefaultEndpoint{ serviceUrl='http://localhost:8761/eureka/}, exception=I/O error on GET request for "http://localhost:8761/eureka/apps/": Connect to http://localhost:8761 failed: Connection refused stacktrace=org.springframework.web.client.ResourceAccessException: I/O error on GET request for "http://localhost:8761/eureka/apps/": Connect to http://localhost:8761 failed: Connection refused
servicio-pagos  | 	at org.springframework.web.client.DefaultRestClient$DefaultRequestBodyUriSpec.createResourceAccessException(DefaultRestClient.java:779)
servicio-pagos  | 	at org.springframework.web.client.DefaultRestClient$DefaultRequestBodyUriSpec.exchangeInternal(DefaultRestClient.java:624)
servicio-pagos  | 	at org.springframework.web.client.DefaultRestClient$DefaultRequestBodyUriSpec.exchange(DefaultRestClient.java:572)
servicio-pagos  | 	at org.springframework.web.client.RestClient$RequestHeadersSpec.exchange(RestClient.java:747)
servicio-pagos  | 	at org.springframework.web.client.DefaultRestClient$DefaultResponseSpec.executeAndExtract(DefaultRestClient.java:924)
servicio-pagos  | 	at org.springframework.web.client.DefaultRestClient$DefaultResponseSpec.toEntityInternal(DefaultRestClient.java:870)
servicio-pagos  | 	at org.springframework.web.client.DefaultRestClient$DefaultResponseSpec.toEntity(DefaultRestClient.java:859)
servicio-pagos  | 	at org.springframework.cloud.netflix.eureka.http.RestClientEurekaHttpClient.getApplicationsInternal(RestClientEurekaHttpClient.java:201)
servicio-pagos  | 	at org.springframework.cloud.netflix.eureka.http.RestClientEurekaHttpClient.getApplications(RestClientEurekaHttpClient.java:137)
servicio-pagos  | 	at com.netflix.discovery.shared.transport.decorator.EurekaHttpClientDecorator$6.execute(EurekaHttpClientDecorator.java:137)
servicio-pagos  | 	at com.netflix.discovery.shared.transport.decorator.RedirectingEurekaHttpClient.executeOnNewServer(RedirectingEurekaHttpClient.java:121)
servicio-pagos  | 	at com.netflix.discovery.shared.transport.decorator.RedirectingEurekaHttpClient.execute(RedirectingEurekaHttpClient.java:80)
servicio-pagos  | 	at com.netflix.discovery.shared.transport.decorator.EurekaHttpClientDecorator.getApplications(EurekaHttpClientDecorator.java:134)
servicio-pagos  | 	at com.netflix.discovery.shared.transport.decorator.EurekaHttpClientDecorator$6.execute(EurekaHttpClientDecorator.java:137)
servicio-pagos  | 	at com.netflix.discovery.shared.transport.decorator.RetryableEurekaHttpClient.execute(RetryableEurekaHttpClient.java:120)
servicio-pagos  | 	at com.netflix.discovery.shared.transport.decorator.EurekaHttpClientDecorator.getApplications(EurekaHttpClientDecorator.java:134)
servicio-pagos  | 	at com.netflix.discovery.shared.transport.decorator.EurekaHttpClientDecorator$6.execute(EurekaHttpClientDecorator.java:137)
servicio-pagos  | 	at com.netflix.discovery.shared.transport.decorator.SessionedEurekaHttpClient.execute(SessionedEurekaHttpClient.java:76)
servicio-pagos  | 	at com.netflix.discovery.shared.transport.decorator.EurekaHttpClientDecorator.getApplications(EurekaHttpClientDecorator.java:134)
servicio-pagos  | 	at com.netflix.discovery.DiscoveryClient.getAndStoreFullRegistry(DiscoveryClient.java:1046)
servicio-pagos  | 	at com.netflix.discovery.DiscoveryClient.fetchRegistry(DiscoveryClient.java:961)
servicio-pagos  | 	at com.netflix.discovery.DiscoveryClient.refreshRegistry(DiscoveryClient.java:1474)
servicio-pagos  | 	at com.netflix.discovery.DiscoveryClient$CacheRefreshThread.run(DiscoveryClient.java:1442)
servicio-pagos  | 	at java.base/java.util.concurrent.Executors$RunnableAdapter.call(Executors.java:572)
servicio-pagos  | 	at java.base/java.util.concurrent.FutureTask.run(FutureTask.java:317)
servicio-pagos  | 	at java.base/java.util.concurrent.ThreadPoolExecutor.runWorker(ThreadPoolExecutor.java:1144)
servicio-pagos  | 	at java.base/java.util.concurrent.ThreadPoolExecutor$Worker.run(ThreadPoolExecutor.java:642)
servicio-pagos  | 	at java.base/java.lang.Thread.run(Thread.java:1583)
servicio-pagos  | Caused by: org.apache.hc.client5.http.HttpHostConnectException: Connect to http://localhost:8761 failed: Connection refused
servicio-pagos  | 	at java.base/sun.nio.ch.Net.pollConnect(Native Method)
servicio-pagos  | 	at java.base/sun.nio.ch.Net.pollConnectNow(Net.java:694)
servicio-pagos  | 	at java.base/sun.nio.ch.NioSocketImpl.timedFinishConnect(NioSocketImpl.java:542)
servicio-pagos  | 	at java.base/sun.nio.ch.NioSocketImpl.connect(NioSocketImpl.java:592)
servicio-pagos  | 	at java.base/java.net.SocksSocketImpl.connect(SocksSocketImpl.java:327)
servicio-pagos  | 	at java.base/java.net.Socket.connect(Socket.java:751)
servicio-pagos  | 	at org.apache.hc.client5.http.impl.io.DefaultHttpClientConnectionOperator.connect(DefaultHttpClientConnectionOperator.java:226)
servicio-pagos  | 	at org.apache.hc.client5.http.impl.io.PoolingHttpClientConnectionManager.connect(PoolingHttpClientConnectionManager.java:497)
servicio-pagos  | 	at org.apache.hc.client5.http.impl.classic.InternalExecRuntime.connectEndpoint(InternalExecRuntime.java:164)
servicio-pagos  | 	at org.apache.hc.client5.http.impl.classic.InternalExecRuntime.connectEndpoint(InternalExecRuntime.java:174)
servicio-pagos  | 	at org.apache.hc.client5.http.impl.classic.ConnectExec.execute(ConnectExec.java:144)
servicio-pagos  | 	at org.apache.hc.client5.http.impl.classic.ExecChainElement.execute(ExecChainElement.java:51)
servicio-pagos  | 	at org.apache.hc.client5.http.impl.classic.ProtocolExec.execute(ProtocolExec.java:195)
servicio-pagos  | 	at org.apache.hc.client5.http.impl.classic.ExecChainElement.execute(ExecChainElement.java:51)
servicio-pagos  | 	at org.apache.hc.client5.http.impl.classic.ContentCompressionExec.execute(ContentCompressionExec.java:168)
servicio-pagos  | 	at org.apache.hc.client5.http.impl.classic.ExecChainElement.execute(ExecChainElement.java:51)
servicio-pagos  | 	at org.apache.hc.client5.http.impl.classic.HttpRequestRetryExec.execute(HttpRequestRetryExec.java:112)
servicio-pagos  | 	at org.apache.hc.client5.http.impl.classic.ExecChainElement.execute(ExecChainElement.java:51)
servicio-pagos  | 	at org.apache.hc.client5.http.impl.classic.RedirectExec.execute(RedirectExec.java:110)
servicio-pagos  | 	at org.apache.hc.client5.http.impl.classic.ExecChainElement.execute(ExecChainElement.java:51)
servicio-pagos  | 	at org.apache.hc.client5.http.impl.classic.InternalHttpClient.doExecute(InternalHttpClient.java:185)
servicio-pagos  | 	at org.apache.hc.client5.http.impl.classic.CloseableHttpClient.execute(CloseableHttpClient.java:87)
servicio-pagos  | 	at org.apache.hc.client5.http.impl.classic.CloseableHttpClient.execute(CloseableHttpClient.java:55)
servicio-pagos  | 	at org.apache.hc.client5.http.classic.HttpClient.executeOpen(HttpClient.java:183)
servicio-pagos  | 	at org.springframework.http.client.HttpComponentsClientHttpRequest.executeInternal(HttpComponentsClientHttpRequest.java:99)
servicio-pagos  | 	at org.springframework.http.client.AbstractStreamingClientHttpRequest.executeInternal(AbstractStreamingClientHttpRequest.java:87)
servicio-pagos  | 	at org.springframework.http.client.AbstractClientHttpRequest.execute(AbstractClientHttpRequest.java:80)
servicio-pagos  | 	at org.springframework.http.client.AbstractBufferingClientHttpRequest.executeWithRequestAndBody(AbstractBufferingClientHttpRequest.java:89)
servicio-pagos  | 	at org.springframework.http.client.InterceptingClientHttpRequest$EndOfChainRequestExecution.execute(InterceptingClientHttpRequest.java:102)
servicio-pagos  | 	at org.springframework.cloud.netflix.eureka.http.RestClientTransportClientFactory.lambda$newClient$2(RestClientTransportClientFactory.java:98)
servicio-pagos  | 	at org.springframework.http.client.ClientHttpRequestInterceptor.lambda$apply$0(ClientHttpRequestInterceptor.java:89)
servicio-pagos  | 	at org.springframework.http.client.InterceptingClientHttpRequest.executeInternal(InterceptingClientHttpRequest.java:73)
servicio-pagos  | 	at org.springframework.http.client.AbstractBufferingClientHttpRequest.executeInternal(AbstractBufferingClientHttpRequest.java:50)
servicio-pagos  | 	at org.springframework.http.client.AbstractClientHttpRequest.execute(AbstractClientHttpRequest.java:80)
servicio-pagos  | 	at org.springframework.web.client.DefaultRestClient$DefaultRequestBodyUriSpec.exchangeInternal(DefaultRestClient.java:614)
servicio-pagos  | 	... 26 more
servicio-pagos  | 
servicio-pagos  | 2026-06-07T11:41:00.311Z  WARN 1 --- [servicio-pagos] [beatExecutor-%d] c.n.d.s.t.d.RetryableEurekaHttpClient    : Request execution failed with message: I/O error on PUT request for "http://localhost:8761/eureka/apps/SERVICIO-PAGOS/07e9a31ce37f:servicio-pagos:8085": Connect to http://localhost:8761 failed: Connection refused
servicio-pagos  | 2026-06-07T11:41:00.311Z  WARN 1 --- [servicio-pagos] [reshExecutor-%d] c.n.d.s.t.d.RetryableEurekaHttpClient    : Request execution failed with message: I/O error on GET request for "http://localhost:8761/eureka/apps/": Connect to http://localhost:8761 failed: Connection refused
servicio-pagos  | 2026-06-07T11:41:00.311Z ERROR 1 --- [servicio-pagos] [beatExecutor-%d] com.netflix.discovery.DiscoveryClient    : DiscoveryClient_SERVICIO-PAGOS/07e9a31ce37f:servicio-pagos:8085 - was unable to send heartbeat!
servicio-pagos  | 
servicio-pagos  | com.netflix.discovery.shared.transport.TransportException: Cannot execute request on any known server
servicio-pagos  | 	at com.netflix.discovery.shared.transport.decorator.RetryableEurekaHttpClient.execute(RetryableEurekaHttpClient.java:112) ~[eureka-client-2.0.5.jar!/:2.0.5]
servicio-pagos  | 	at com.netflix.discovery.shared.transport.decorator.EurekaHttpClientDecorator.sendHeartBeat(EurekaHttpClientDecorator.java:89) ~[eureka-client-2.0.5.jar!/:2.0.5]
servicio-pagos  | 	at com.netflix.discovery.shared.transport.decorator.EurekaHttpClientDecorator$3.execute(EurekaHttpClientDecorator.java:92) ~[eureka-client-2.0.5.jar!/:2.0.5]
servicio-pagos  | 	at com.netflix.discovery.shared.transport.decorator.SessionedEurekaHttpClient.execute(SessionedEurekaHttpClient.java:76) ~[eureka-client-2.0.5.jar!/:2.0.5]
servicio-pagos  | 	at com.netflix.discovery.shared.transport.decorator.EurekaHttpClientDecorator.sendHeartBeat(EurekaHttpClientDecorator.java:89) ~[eureka-client-2.0.5.jar!/:2.0.5]
servicio-pagos  | 	at com.netflix.discovery.DiscoveryClient.renew(DiscoveryClient.java:845) ~[eureka-client-2.0.5.jar!/:2.0.5]
servicio-pagos  | 	at com.netflix.discovery.DiscoveryClient$HeartbeatThread.run(DiscoveryClient.java:1403) ~[eureka-client-2.0.5.jar!/:2.0.5]
servicio-pagos  | 	at java.base/java.util.concurrent.Executors$RunnableAdapter.call(Executors.java:572) ~[na:na]
servicio-pagos  | 	at java.base/java.util.concurrent.FutureTask.run(FutureTask.java:317) ~[na:na]
servicio-pagos  | 	at java.base/java.util.concurrent.ThreadPoolExecutor.runWorker(ThreadPoolExecutor.java:1144) ~[na:na]
servicio-pagos  | 	at java.base/java.util.concurrent.ThreadPoolExecutor$Worker.run(ThreadPoolExecutor.java:642) ~[na:na]
servicio-pagos  | 	at java.base/java.lang.Thread.run(Thread.java:1583) ~[na:na]
servicio-pagos  | 
servicio-pagos  | 2026-06-07T11:41:00.311Z  INFO 1 --- [servicio-pagos] [reshExecutor-%d] com.netflix.discovery.DiscoveryClient    : DiscoveryClient_SERVICIO-PAGOS/07e9a31ce37f:servicio-pagos:8085 - was unable to refresh its cache! This periodic background refresh will be retried in 30 seconds. status = Cannot execute request on any known server stacktrace = com.netflix.discovery.shared.transport.TransportException: Cannot execute request on any known server
servicio-pagos  | 	at com.netflix.discovery.shared.transport.decorator.RetryableEurekaHttpClient.execute(RetryableEurekaHttpClient.java:112)
servicio-pagos  | 	at com.netflix.discovery.shared.transport.decorator.EurekaHttpClientDecorator.getApplications(EurekaHttpClientDecorator.java:134)
servicio-pagos  | 	at com.netflix.discovery.shared.transport.decorator.EurekaHttpClientDecorator$6.execute(EurekaHttpClientDecorator.java:137)
servicio-pagos  | 	at com.netflix.discovery.shared.transport.decorator.SessionedEurekaHttpClient.execute(SessionedEurekaHttpClient.java:76)
servicio-pagos  | 	at com.netflix.discovery.shared.transport.decorator.EurekaHttpClientDecorator.getApplications(EurekaHttpClientDecorator.java:134)
servicio-pagos  | 	at com.netflix.discovery.DiscoveryClient.getAndStoreFullRegistry(DiscoveryClient.java:1046)
servicio-pagos  | 	at com.netflix.discovery.DiscoveryClient.fetchRegistry(DiscoveryClient.java:961)
servicio-pagos  | 	at com.netflix.discovery.DiscoveryClient.refreshRegistry(DiscoveryClient.java:1474)
servicio-pagos  | 	at com.netflix.discovery.DiscoveryClient$CacheRefreshThread.run(DiscoveryClient.java:1442)
servicio-pagos  | 	at java.base/java.util.concurrent.Executors$RunnableAdapter.call(Executors.java:572)
servicio-pagos  | 	at java.base/java.util.concurrent.FutureTask.run(FutureTask.java:317)
servicio-pagos  | 	at java.base/java.util.concurrent.ThreadPoolExecutor.runWorker(ThreadPoolExecutor.java:1144)
servicio-pagos  | 	at java.base/java.util.concurrent.ThreadPoolExecutor$Worker.run(ThreadPoolExecutor.java:642)
servicio-pagos  | 	at java.base/java.lang.Thread.run(Thread.java:1583)
servicio-pagos  | 
servicio-pagos  | 2026-06-07T11:41:00.826Z  INFO 1 --- [servicio-pagos] [foReplicator-%d] com.netflix.discovery.DiscoveryClient    : DiscoveryClient_SERVICIO-PAGOS/07e9a31ce37f:servicio-pagos:8085: registering service...
servicio-pagos  | 2026-06-07T11:41:00.836Z  INFO 1 --- [servicio-pagos] [foReplicator-%d] c.n.d.s.t.d.RedirectingEurekaHttpClient  : Request execution error. endpoint=DefaultEndpoint{ serviceUrl='http://localhost:8761/eureka/}, exception=I/O error on POST request for "http://localhost:8761/eureka/apps/SERVICIO-PAGOS": Connect to http://localhost:8761 failed: Connection refused stacktrace=org.springframework.web.client.ResourceAccessException: I/O error on POST request for "http://localhost:8761/eureka/apps/SERVICIO-PAGOS": Connect to http://localhost:8761 failed: Connection refused
servicio-pagos  | 	at org.springframework.web.client.DefaultRestClient$DefaultRequestBodyUriSpec.createResourceAccessException(DefaultRestClient.java:779)
servicio-pagos  | 	at org.springframework.web.client.DefaultRestClient$DefaultRequestBodyUriSpec.exchangeInternal(DefaultRestClient.java:624)
servicio-pagos  | 	at org.springframework.web.client.DefaultRestClient$DefaultRequestBodyUriSpec.exchange(DefaultRestClient.java:572)
servicio-pagos  | 	at org.springframework.web.client.RestClient$RequestHeadersSpec.exchange(RestClient.java:747)
servicio-pagos  | 	at org.springframework.web.client.DefaultRestClient$DefaultResponseSpec.executeAndExtract(DefaultRestClient.java:924)
servicio-pagos  | 	at org.springframework.web.client.DefaultRestClient$DefaultResponseSpec.toBodilessEntity(DefaultRestClient.java:888)
servicio-pagos  | 	at org.springframework.cloud.netflix.eureka.http.RestClientEurekaHttpClient.register(RestClientEurekaHttpClient.java:64)
servicio-pagos  | 	at com.netflix.discovery.shared.transport.decorator.EurekaHttpClientDecorator$1.execute(EurekaHttpClientDecorator.java:59)
servicio-pagos  | 	at com.netflix.discovery.shared.transport.decorator.RedirectingEurekaHttpClient.executeOnNewServer(RedirectingEurekaHttpClient.java:121)
servicio-pagos  | 	at com.netflix.discovery.shared.transport.decorator.RedirectingEurekaHttpClient.execute(RedirectingEurekaHttpClient.java:80)
servicio-pagos  | 	at com.netflix.discovery.shared.transport.decorator.EurekaHttpClientDecorator.register(EurekaHttpClientDecorator.java:56)
servicio-pagos  | 	at com.netflix.discovery.shared.transport.decorator.EurekaHttpClientDecorator$1.execute(EurekaHttpClientDecorator.java:59)
servicio-pagos  | 	at com.netflix.discovery.shared.transport.decorator.RetryableEurekaHttpClient.execute(RetryableEurekaHttpClient.java:120)
servicio-pagos  | 	at com.netflix.discovery.shared.transport.decorator.EurekaHttpClientDecorator.register(EurekaHttpClientDecorator.java:56)
servicio-pagos  | 	at com.netflix.discovery.shared.transport.decorator.EurekaHttpClientDecorator$1.execute(EurekaHttpClientDecorator.java:59)
servicio-pagos  | 	at com.netflix.discovery.shared.transport.decorator.SessionedEurekaHttpClient.execute(SessionedEurekaHttpClient.java:76)
servicio-pagos  | 	at com.netflix.discovery.shared.transport.decorator.EurekaHttpClientDecorator.register(EurekaHttpClientDecorator.java:56)
servicio-pagos  | 	at com.netflix.discovery.DiscoveryClient.register(DiscoveryClient.java:828)
servicio-pagos  | 	at com.netflix.discovery.InstanceInfoReplicator.run(InstanceInfoReplicator.java:125)
servicio-pagos  | 	at java.base/java.util.concurrent.Executors$RunnableAdapter.call(Executors.java:572)
servicio-pagos  | 	at java.base/java.util.concurrent.FutureTask.run(FutureTask.java:317)
servicio-pagos  | 	at java.base/java.util.concurrent.ScheduledThreadPoolExecutor$ScheduledFutureTask.run(ScheduledThreadPoolExecutor.java:304)
servicio-pagos  | 	at java.base/java.util.concurrent.ThreadPoolExecutor.runWorker(ThreadPoolExecutor.java:1144)
servicio-pagos  | 	at java.base/java.util.concurrent.ThreadPoolExecutor$Worker.run(ThreadPoolExecutor.java:642)
servicio-pagos  | 	at java.base/java.lang.Thread.run(Thread.java:1583)
servicio-pagos  | Caused by: org.apache.hc.client5.http.HttpHostConnectException: Connect to http://localhost:8761 failed: Connection refused
servicio-pagos  | 	at java.base/sun.nio.ch.Net.pollConnect(Native Method)
servicio-pagos  | 	at java.base/sun.nio.ch.Net.pollConnectNow(Net.java:694)
servicio-pagos  | 	at java.base/sun.nio.ch.NioSocketImpl.timedFinishConnect(NioSocketImpl.java:542)
servicio-pagos  | 	at java.base/sun.nio.ch.NioSocketImpl.connect(NioSocketImpl.java:592)
servicio-pagos  | 	at java.base/java.net.SocksSocketImpl.connect(SocksSocketImpl.java:327)
servicio-pagos  | 	at java.base/java.net.Socket.connect(Socket.java:751)
servicio-pagos  | 	at org.apache.hc.client5.http.impl.io.DefaultHttpClientConnectionOperator.connect(DefaultHttpClientConnectionOperator.java:226)
servicio-pagos  | 	at org.apache.hc.client5.http.impl.io.PoolingHttpClientConnectionManager.connect(PoolingHttpClientConnectionManager.java:497)
servicio-pagos  | 	at org.apache.hc.client5.http.impl.classic.InternalExecRuntime.connectEndpoint(InternalExecRuntime.java:164)
servicio-pagos  | 	at org.apache.hc.client5.http.impl.classic.InternalExecRuntime.connectEndpoint(InternalExecRuntime.java:174)
servicio-pagos  | 	at org.apache.hc.client5.http.impl.classic.ConnectExec.execute(ConnectExec.java:144)
servicio-pagos  | 	at org.apache.hc.client5.http.impl.classic.ExecChainElement.execute(ExecChainElement.java:51)
servicio-pagos  | 	at org.apache.hc.client5.http.impl.classic.ProtocolExec.execute(ProtocolExec.java:195)
servicio-pagos  | 	at org.apache.hc.client5.http.impl.classic.ExecChainElement.execute(ExecChainElement.java:51)
servicio-pagos  | 	at org.apache.hc.client5.http.impl.classic.ContentCompressionExec.execute(ContentCompressionExec.java:168)
servicio-pagos  | 	at org.apache.hc.client5.http.impl.classic.ExecChainElement.execute(ExecChainElement.java:51)
servicio-pagos  | 	at org.apache.hc.client5.http.impl.classic.HttpRequestRetryExec.execute(HttpRequestRetryExec.java:112)
servicio-pagos  | 	at org.apache.hc.client5.http.impl.classic.ExecChainElement.execute(ExecChainElement.java:51)
servicio-pagos  | 	at org.apache.hc.client5.http.impl.classic.RedirectExec.execute(RedirectExec.java:110)
servicio-pagos  | 	at org.apache.hc.client5.http.impl.classic.ExecChainElement.execute(ExecChainElement.java:51)
servicio-pagos  | 	at org.apache.hc.client5.http.impl.classic.InternalHttpClient.doExecute(InternalHttpClient.java:185)
servicio-pagos  | 	at org.apache.hc.client5.http.impl.classic.CloseableHttpClient.execute(CloseableHttpClient.java:87)
servicio-pagos  | 	at org.apache.hc.client5.http.impl.classic.CloseableHttpClient.execute(CloseableHttpClient.java:55)
servicio-pagos  | 	at org.apache.hc.client5.http.classic.HttpClient.executeOpen(HttpClient.java:183)
servicio-pagos  | 	at org.springframework.http.client.HttpComponentsClientHttpRequest.executeInternal(HttpComponentsClientHttpRequest.java:99)
servicio-pagos  | 	at org.springframework.http.client.AbstractStreamingClientHttpRequest.executeInternal(AbstractStreamingClientHttpRequest.java:87)
servicio-pagos  | 	at org.springframework.http.client.AbstractClientHttpRequest.execute(AbstractClientHttpRequest.java:80)
servicio-pagos  | 	at org.springframework.http.client.AbstractBufferingClientHttpRequest.executeWithRequestAndBody(AbstractBufferingClientHttpRequest.java:89)
servicio-pagos  | 	at org.springframework.http.client.InterceptingClientHttpRequest$EndOfChainRequestExecution.execute(InterceptingClientHttpRequest.java:102)
servicio-pagos  | 	at org.springframework.cloud.netflix.eureka.http.RestClientTransportClientFactory.lambda$newClient$2(RestClientTransportClientFactory.java:98)
servicio-pagos  | 	at org.springframework.http.client.ClientHttpRequestInterceptor.lambda$apply$0(ClientHttpRequestInterceptor.java:89)
servicio-pagos  | 	at org.springframework.http.client.InterceptingClientHttpRequest.executeInternal(InterceptingClientHttpRequest.java:73)
servicio-pagos  | 	at org.springframework.http.client.AbstractBufferingClientHttpRequest.executeInternal(AbstractBufferingClientHttpRequest.java:50)
servicio-pagos  | 	at org.springframework.http.client.AbstractClientHttpRequest.execute(AbstractClientHttpRequest.java:80)
servicio-pagos  | 	at org.springframework.web.client.DefaultRestClient$DefaultRequestBodyUriSpec.exchangeInternal(DefaultRestClient.java:614)
servicio-pagos  | 	... 23 more
servicio-pagos  | 
servicio-pagos  | 2026-06-07T11:41:00.836Z  WARN 1 --- [servicio-pagos] [foReplicator-%d] c.n.d.s.t.d.RetryableEurekaHttpClient    : Request execution failed with message: I/O error on POST request for "http://localhost:8761/eureka/apps/SERVICIO-PAGOS": Connect to http://localhost:8761 failed: Connection refused
servicio-pagos  | 2026-06-07T11:41:00.836Z  WARN 1 --- [servicio-pagos] [foReplicator-%d] com.netflix.discovery.DiscoveryClient    : DiscoveryClient_SERVICIO-PAGOS/07e9a31ce37f:servicio-pagos:8085 - registration failed Cannot execute request on any known server
servicio-pagos  | 
servicio-pagos  | com.netflix.discovery.shared.transport.TransportException: Cannot execute request on any known server
servicio-pagos  | 	at com.netflix.discovery.shared.transport.decorator.RetryableEurekaHttpClient.execute(RetryableEurekaHttpClient.java:112) ~[eureka-client-2.0.5.jar!/:2.0.5]
servicio-pagos  | 	at com.netflix.discovery.shared.transport.decorator.EurekaHttpClientDecorator.register(EurekaHttpClientDecorator.java:56) ~[eureka-client-2.0.5.jar!/:2.0.5]
servicio-pagos  | 	at com.netflix.discovery.shared.transport.decorator.EurekaHttpClientDecorator$1.execute(EurekaHttpClientDecorator.java:59) ~[eureka-client-2.0.5.jar!/:2.0.5]
servicio-pagos  | 	at com.netflix.discovery.shared.transport.decorator.SessionedEurekaHttpClient.execute(SessionedEurekaHttpClient.java:76) ~[eureka-client-2.0.5.jar!/:2.0.5]
servicio-pagos  | 	at com.netflix.discovery.shared.transport.decorator.EurekaHttpClientDecorator.register(EurekaHttpClientDecorator.java:56) ~[eureka-client-2.0.5.jar!/:2.0.5]
servicio-pagos  | 	at com.netflix.discovery.DiscoveryClient.register(DiscoveryClient.java:828) ~[eureka-client-2.0.5.jar!/:2.0.5]
servicio-pagos  | 	at com.netflix.discovery.InstanceInfoReplicator.run(InstanceInfoReplicator.java:125) ~[eureka-client-2.0.5.jar!/:2.0.5]
servicio-pagos  | 	at java.base/java.util.concurrent.Executors$RunnableAdapter.call(Executors.java:572) ~[na:na]
servicio-pagos  | 	at java.base/java.util.concurrent.FutureTask.run(FutureTask.java:317) ~[na:na]
servicio-pagos  | 	at java.base/java.util.concurrent.ScheduledThreadPoolExecutor$ScheduledFutureTask.run(ScheduledThreadPoolExecutor.java:304) ~[na:na]
servicio-pagos  | 	at java.base/java.util.concurrent.ThreadPoolExecutor.runWorker(ThreadPoolExecutor.java:1144) ~[na:na]
servicio-pagos  | 	at java.base/java.util.concurrent.ThreadPoolExecutor$Worker.run(ThreadPoolExecutor.java:642) ~[na:na]
servicio-pagos  | 	at java.base/java.lang.Thread.run(Thread.java:1583) ~[na:na]
servicio-pagos  | 
servicio-pagos  | 2026-06-07T11:41:00.836Z  WARN 1 --- [servicio-pagos] [foReplicator-%d] c.n.discovery.InstanceInfoReplicator     : There was a problem with the instance info replicator
servicio-pagos  | 
servicio-pagos  | com.netflix.discovery.shared.transport.TransportException: Cannot execute request on any known server
servicio-pagos  | 	at com.netflix.discovery.shared.transport.decorator.RetryableEurekaHttpClient.execute(RetryableEurekaHttpClient.java:112) ~[eureka-client-2.0.5.jar!/:2.0.5]
servicio-pagos  | 	at com.netflix.discovery.shared.transport.decorator.EurekaHttpClientDecorator.register(EurekaHttpClientDecorator.java:56) ~[eureka-client-2.0.5.jar!/:2.0.5]
servicio-pagos  | 	at com.netflix.discovery.shared.transport.decorator.EurekaHttpClientDecorator$1.execute(EurekaHttpClientDecorator.java:59) ~[eureka-client-2.0.5.jar!/:2.0.5]
servicio-pagos  | 	at com.netflix.discovery.shared.transport.decorator.SessionedEurekaHttpClient.execute(SessionedEurekaHttpClient.java:76) ~[eureka-client-2.0.5.jar!/:2.0.5]
servicio-pagos  | 	at com.netflix.discovery.shared.transport.decorator.EurekaHttpClientDecorator.register(EurekaHttpClientDecorator.java:56) ~[eureka-client-2.0.5.jar!/:2.0.5]
servicio-pagos  | 	at com.netflix.discovery.DiscoveryClient.register(DiscoveryClient.java:828) ~[eureka-client-2.0.5.jar!/:2.0.5]
servicio-pagos  | 	at com.netflix.discovery.InstanceInfoReplicator.run(InstanceInfoReplicator.java:125) ~[eureka-client-2.0.5.jar!/:2.0.5]
servicio-pagos  | 	at java.base/java.util.concurrent.Executors$RunnableAdapter.call(Executors.java:572) ~[na:na]
servicio-pagos  | 	at java.base/java.util.concurrent.FutureTask.run(FutureTask.java:317) ~[na:na]
servicio-pagos  | 	at java.base/java.util.concurrent.ScheduledThreadPoolExecutor$ScheduledFutureTask.run(ScheduledThreadPoolExecutor.java:304) ~[na:na]
servicio-pagos  | 	at java.base/java.util.concurrent.ThreadPoolExecutor.runWorker(ThreadPoolExecutor.java:1144) ~[na:na]
servicio-pagos  | 	at java.base/java.util.concurrent.ThreadPoolExecutor$Worker.run(ThreadPoolExecutor.java:642) ~[na:na]
servicio-pagos  | 	at java.base/java.lang.Thread.run(Thread.java:1583) ~[na:na]
servicio-pagos  | 
servicio-pagos  | 2026-06-07T11:41:30.312Z  INFO 1 --- [servicio-pagos] [reshExecutor-%d] com.netflix.discovery.DiscoveryClient    : Disable delta property : false
servicio-pagos  | 2026-06-07T11:41:30.312Z  INFO 1 --- [servicio-pagos] [reshExecutor-%d] com.netflix.discovery.DiscoveryClient    : Single vip registry refresh property : null
servicio-pagos  | 2026-06-07T11:41:30.313Z  INFO 1 --- [servicio-pagos] [reshExecutor-%d] com.netflix.discovery.DiscoveryClient    : Force full registry fetch : false
servicio-pagos  | 2026-06-07T11:41:30.313Z  INFO 1 --- [servicio-pagos] [reshExecutor-%d] com.netflix.discovery.DiscoveryClient    : Application is null : false
servicio-pagos  | 2026-06-07T11:41:30.314Z  INFO 1 --- [servicio-pagos] [reshExecutor-%d] com.netflix.discovery.DiscoveryClient    : Registered Applications size is zero : true
servicio-pagos  | 2026-06-07T11:41:30.314Z  INFO 1 --- [servicio-pagos] [reshExecutor-%d] com.netflix.discovery.DiscoveryClient    : Application version is -1: true
servicio-pagos  | 2026-06-07T11:41:30.314Z  INFO 1 --- [servicio-pagos] [reshExecutor-%d] com.netflix.discovery.DiscoveryClient    : Getting all instance registry info from the eureka server
servicio-pagos  | 2026-06-07T11:41:30.337Z  INFO 1 --- [servicio-pagos] [beatExecutor-%d] c.n.d.s.t.d.RedirectingEurekaHttpClient  : Request execution error. endpoint=DefaultEndpoint{ serviceUrl='http://localhost:8761/eureka/}, exception=I/O error on PUT request for "http://localhost:8761/eureka/apps/SERVICIO-PAGOS/07e9a31ce37f:servicio-pagos:8085": Connect to http://localhost:8761 failed: Connection refused stacktrace=org.springframework.web.client.ResourceAccessException: I/O error on PUT request for "http://localhost:8761/eureka/apps/SERVICIO-PAGOS/07e9a31ce37f:servicio-pagos:8085": Connect to http://localhost:8761 failed: Connection refused
servicio-pagos  | 	at org.springframework.web.client.DefaultRestClient$DefaultRequestBodyUriSpec.createResourceAccessException(DefaultRestClient.java:779)
servicio-pagos  | 	at org.springframework.web.client.DefaultRestClient$DefaultRequestBodyUriSpec.exchangeInternal(DefaultRestClient.java:624)
servicio-pagos  | 	at org.springframework.web.client.DefaultRestClient$DefaultRequestBodyUriSpec.exchange(DefaultRestClient.java:572)
servicio-pagos  | 	at org.springframework.web.client.RestClient$RequestHeadersSpec.exchange(RestClient.java:747)
servicio-pagos  | 	at org.springframework.web.client.DefaultRestClient$DefaultResponseSpec.executeAndExtract(DefaultRestClient.java:924)
servicio-pagos  | 	at org.springframework.web.client.DefaultRestClient$DefaultResponseSpec.toEntityInternal(DefaultRestClient.java:870)
servicio-pagos  | 	at org.springframework.web.client.DefaultRestClient$DefaultResponseSpec.toEntity(DefaultRestClient.java:859)
servicio-pagos  | 	at org.springframework.cloud.netflix.eureka.http.RestClientEurekaHttpClient.sendHeartBeat(RestClientEurekaHttpClient.java:91)
servicio-pagos  | 	at com.netflix.discovery.shared.transport.decorator.EurekaHttpClientDecorator$3.execute(EurekaHttpClientDecorator.java:92)
servicio-pagos  | 	at com.netflix.discovery.shared.transport.decorator.RedirectingEurekaHttpClient.executeOnNewServer(RedirectingEurekaHttpClient.java:121)
servicio-pagos  | 	at com.netflix.discovery.shared.transport.decorator.RedirectingEurekaHttpClient.execute(RedirectingEurekaHttpClient.java:80)
servicio-pagos  | 	at com.netflix.discovery.shared.transport.decorator.EurekaHttpClientDecorator.sendHeartBeat(EurekaHttpClientDecorator.java:89)
servicio-pagos  | 	at com.netflix.discovery.shared.transport.decorator.EurekaHttpClientDecorator$3.execute(EurekaHttpClientDecorator.java:92)
servicio-pagos  | 	at com.netflix.discovery.shared.transport.decorator.RetryableEurekaHttpClient.execute(RetryableEurekaHttpClient.java:120)
servicio-pagos  | 	at com.netflix.discovery.shared.transport.decorator.EurekaHttpClientDecorator.sendHeartBeat(EurekaHttpClientDecorator.java:89)
servicio-pagos  | 	at com.netflix.discovery.shared.transport.decorator.EurekaHttpClientDecorator$3.execute(EurekaHttpClientDecorator.java:92)
servicio-pagos  | 	at com.netflix.discovery.shared.transport.decorator.SessionedEurekaHttpClient.execute(SessionedEurekaHttpClient.java:76)
servicio-pagos  | 	at com.netflix.discovery.shared.transport.decorator.EurekaHttpClientDecorator.sendHeartBeat(EurekaHttpClientDecorator.java:89)
servicio-pagos  | 	at com.netflix.discovery.DiscoveryClient.renew(DiscoveryClient.java:845)
servicio-pagos  | 	at com.netflix.discovery.DiscoveryClient$HeartbeatThread.run(DiscoveryClient.java:1403)
servicio-pagos  | 	at java.base/java.util.concurrent.Executors$RunnableAdapter.call(Executors.java:572)
servicio-pagos  | 	at java.base/java.util.concurrent.FutureTask.run(FutureTask.java:317)
servicio-pagos  | 	at java.base/java.util.concurrent.ThreadPoolExecutor.runWorker(ThreadPoolExecutor.java:1144)
servicio-pagos  | 	at java.base/java.util.concurrent.ThreadPoolExecutor$Worker.run(ThreadPoolExecutor.java:642)
servicio-pagos  | 	at java.base/java.lang.Thread.run(Thread.java:1583)
servicio-pagos  | Caused by: org.apache.hc.client5.http.HttpHostConnectException: Connect to http://localhost:8761 failed: Connection refused
servicio-pagos  | 	at java.base/sun.nio.ch.Net.pollConnect(Native Method)
servicio-pagos  | 	at java.base/sun.nio.ch.Net.pollConnectNow(Net.java:694)
servicio-pagos  | 	at java.base/sun.nio.ch.NioSocketImpl.timedFinishConnect(NioSocketImpl.java:542)
servicio-pagos  | 	at java.base/sun.nio.ch.NioSocketImpl.connect(NioSocketImpl.java:592)
servicio-pagos  | 	at java.base/java.net.SocksSocketImpl.connect(SocksSocketImpl.java:327)
servicio-pagos  | 	at java.base/java.net.Socket.connect(Socket.java:751)
servicio-pagos  | 	at org.apache.hc.client5.http.impl.io.DefaultHttpClientConnectionOperator.connect(DefaultHttpClientConnectionOperator.java:226)
servicio-pagos  | 	at org.apache.hc.client5.http.impl.io.PoolingHttpClientConnectionManager.connect(PoolingHttpClientConnectionManager.java:497)
servicio-pagos  | 	at org.apache.hc.client5.http.impl.classic.InternalExecRuntime.connectEndpoint(InternalExecRuntime.java:164)
servicio-pagos  | 	at org.apache.hc.client5.http.impl.classic.InternalExecRuntime.connectEndpoint(InternalExecRuntime.java:174)
servicio-pagos  | 	at org.apache.hc.client5.http.impl.classic.ConnectExec.execute(ConnectExec.java:144)
servicio-pagos  | 	at org.apache.hc.client5.http.impl.classic.ExecChainElement.execute(ExecChainElement.java:51)
servicio-pagos  | 	at org.apache.hc.client5.http.impl.classic.ProtocolExec.execute(ProtocolExec.java:195)
servicio-pagos  | 	at org.apache.hc.client5.http.impl.classic.ExecChainElement.execute(ExecChainElement.java:51)
servicio-pagos  | 	at org.apache.hc.client5.http.impl.classic.ContentCompressionExec.execute(ContentCompressionExec.java:168)
servicio-pagos  | 	at org.apache.hc.client5.http.impl.classic.ExecChainElement.execute(ExecChainElement.java:51)
servicio-pagos  | 	at org.apache.hc.client5.http.impl.classic.HttpRequestRetryExec.execute(HttpRequestRetryExec.java:112)
servicio-pagos  | 	at org.apache.hc.client5.http.impl.classic.ExecChainElement.execute(ExecChainElement.java:51)
servicio-pagos  | 	at org.apache.hc.client5.http.impl.classic.RedirectExec.execute(RedirectExec.java:110)
servicio-pagos  | 	at org.apache.hc.client5.http.impl.classic.ExecChainElement.execute(ExecChainElement.java:51)
servicio-pagos  | 	at org.apache.hc.client5.http.impl.classic.InternalHttpClient.doExecute(InternalHttpClient.java:185)
servicio-pagos  | 	at org.apache.hc.client5.http.impl.classic.CloseableHttpClient.execute(CloseableHttpClient.java:87)
servicio-pagos  | 	at org.apache.hc.client5.http.impl.classic.CloseableHttpClient.execute(CloseableHttpClient.java:55)
servicio-pagos  | 	at org.apache.hc.client5.http.classic.HttpClient.executeOpen(HttpClient.java:183)
servicio-pagos  | 	at org.springframework.http.client.HttpComponentsClientHttpRequest.executeInternal(HttpComponentsClientHttpRequest.java:99)
servicio-pagos  | 	at org.springframework.http.client.AbstractStreamingClientHttpRequest.executeInternal(AbstractStreamingClientHttpRequest.java:87)
servicio-pagos  | 	at org.springframework.http.client.AbstractClientHttpRequest.execute(AbstractClientHttpRequest.java:80)
servicio-pagos  | 	at org.springframework.http.client.AbstractBufferingClientHttpRequest.executeWithRequestAndBody(AbstractBufferingClientHttpRequest.java:89)
servicio-pagos  | 	at org.springframework.http.client.InterceptingClientHttpRequest$EndOfChainRequestExecution.execute(InterceptingClientHttpRequest.java:102)
servicio-pagos  | 	at org.springframework.cloud.netflix.eureka.http.RestClientTransportClientFactory.lambda$newClient$2(RestClientTransportClientFactory.java:98)
servicio-pagos  | 	at org.springframework.http.client.ClientHttpRequestInterceptor.lambda$apply$0(ClientHttpRequestInterceptor.java:89)
servicio-pagos  | 	at org.springframework.http.client.InterceptingClientHttpRequest.executeInternal(InterceptingClientHttpRequest.java:73)
servicio-pagos  | 	at org.springframework.http.client.AbstractBufferingClientHttpRequest.executeInternal(AbstractBufferingClientHttpRequest.java:50)
servicio-pagos  | 	at org.springframework.http.client.AbstractClientHttpRequest.execute(AbstractClientHttpRequest.java:80)
servicio-pagos  | 	at org.springframework.web.client.DefaultRestClient$DefaultRequestBodyUriSpec.exchangeInternal(DefaultRestClient.java:614)
servicio-pagos  | 	... 23 more
servicio-pagos  | 
servicio-pagos  | 2026-06-07T11:41:30.337Z  INFO 1 --- [servicio-pagos] [reshExecutor-%d] c.n.d.s.t.d.RedirectingEurekaHttpClient  : Request execution error. endpoint=DefaultEndpoint{ serviceUrl='http://localhost:8761/eureka/}, exception=I/O error on GET request for "http://localhost:8761/eureka/apps/": Connect to http://localhost:8761 failed: Connection refused stacktrace=org.springframework.web.client.ResourceAccessException: I/O error on GET request for "http://localhost:8761/eureka/apps/": Connect to http://localhost:8761 failed: Connection refused
servicio-pagos  | 	at org.springframework.web.client.DefaultRestClient$DefaultRequestBodyUriSpec.createResourceAccessException(DefaultRestClient.java:779)
servicio-pagos  | 	at org.springframework.web.client.DefaultRestClient$DefaultRequestBodyUriSpec.exchangeInternal(DefaultRestClient.java:624)
servicio-pagos  | 	at org.springframework.web.client.DefaultRestClient$DefaultRequestBodyUriSpec.exchange(DefaultRestClient.java:572)
servicio-pagos  | 	at org.springframework.web.client.RestClient$RequestHeadersSpec.exchange(RestClient.java:747)
servicio-pagos  | 	at org.springframework.web.client.DefaultRestClient$DefaultResponseSpec.executeAndExtract(DefaultRestClient.java:924)
servicio-pagos  | 	at org.springframework.web.client.DefaultRestClient$DefaultResponseSpec.toEntityInternal(DefaultRestClient.java:870)
servicio-pagos  | 	at org.springframework.web.client.DefaultRestClient$DefaultResponseSpec.toEntity(DefaultRestClient.java:859)
servicio-pagos  | 	at org.springframework.cloud.netflix.eureka.http.RestClientEurekaHttpClient.getApplicationsInternal(RestClientEurekaHttpClient.java:201)
servicio-pagos  | 	at org.springframework.cloud.netflix.eureka.http.RestClientEurekaHttpClient.getApplications(RestClientEurekaHttpClient.java:137)
servicio-pagos  | 	at com.netflix.discovery.shared.transport.decorator.EurekaHttpClientDecorator$6.execute(EurekaHttpClientDecorator.java:137)
servicio-pagos  | 	at com.netflix.discovery.shared.transport.decorator.RedirectingEurekaHttpClient.executeOnNewServer(RedirectingEurekaHttpClient.java:121)
servicio-pagos  | 	at com.netflix.discovery.shared.transport.decorator.RedirectingEurekaHttpClient.execute(RedirectingEurekaHttpClient.java:80)
servicio-pagos  | 	at com.netflix.discovery.shared.transport.decorator.EurekaHttpClientDecorator.getApplications(EurekaHttpClientDecorator.java:134)
servicio-pagos  | 	at com.netflix.discovery.shared.transport.decorator.EurekaHttpClientDecorator$6.execute(EurekaHttpClientDecorator.java:137)
servicio-pagos  | 	at com.netflix.discovery.shared.transport.decorator.RetryableEurekaHttpClient.execute(RetryableEurekaHttpClient.java:120)
servicio-pagos  | 	at com.netflix.discovery.shared.transport.decorator.EurekaHttpClientDecorator.getApplications(EurekaHttpClientDecorator.java:134)
servicio-pagos  | 	at com.netflix.discovery.shared.transport.decorator.EurekaHttpClientDecorator$6.execute(EurekaHttpClientDecorator.java:137)
servicio-pagos  | 	at com.netflix.discovery.shared.transport.decorator.SessionedEurekaHttpClient.execute(SessionedEurekaHttpClient.java:76)
servicio-pagos  | 	at com.netflix.discovery.shared.transport.decorator.EurekaHttpClientDecorator.getApplications(EurekaHttpClientDecorator.java:134)
servicio-pagos  | 	at com.netflix.discovery.DiscoveryClient.getAndStoreFullRegistry(DiscoveryClient.java:1046)
servicio-pagos  | 	at com.netflix.discovery.DiscoveryClient.fetchRegistry(DiscoveryClient.java:961)
servicio-pagos  | 	at com.netflix.discovery.DiscoveryClient.refreshRegistry(DiscoveryClient.java:1474)
servicio-pagos  | 	at com.netflix.discovery.DiscoveryClient$CacheRefreshThread.run(DiscoveryClient.java:1442)
servicio-pagos  | 	at java.base/java.util.concurrent.Executors$RunnableAdapter.call(Executors.java:572)
servicio-pagos  | 	at java.base/java.util.concurrent.FutureTask.run(FutureTask.java:317)
servicio-pagos  | 	at java.base/java.util.concurrent.ThreadPoolExecutor.runWorker(ThreadPoolExecutor.java:1144)
servicio-pagos  | 	at java.base/java.util.concurrent.ThreadPoolExecutor$Worker.run(ThreadPoolExecutor.java:642)
servicio-pagos  | 	at java.base/java.lang.Thread.run(Thread.java:1583)
servicio-pagos  | Caused by: org.apache.hc.client5.http.HttpHostConnectException: Connect to http://localhost:8761 failed: Connection refused
servicio-pagos  | 	at java.base/sun.nio.ch.Net.pollConnect(Native Method)
servicio-pagos  | 	at java.base/sun.nio.ch.Net.pollConnectNow(Net.java:694)
servicio-pagos  | 	at java.base/sun.nio.ch.NioSocketImpl.timedFinishConnect(NioSocketImpl.java:542)
servicio-pagos  | 	at java.base/sun.nio.ch.NioSocketImpl.connect(NioSocketImpl.java:592)
servicio-pagos  | 	at java.base/java.net.SocksSocketImpl.connect(SocksSocketImpl.java:327)
servicio-pagos  | 	at java.base/java.net.Socket.connect(Socket.java:751)
servicio-pagos  | 	at org.apache.hc.client5.http.impl.io.DefaultHttpClientConnectionOperator.connect(DefaultHttpClientConnectionOperator.java:226)
servicio-pagos  | 	at org.apache.hc.client5.http.impl.io.PoolingHttpClientConnectionManager.connect(PoolingHttpClientConnectionManager.java:497)
servicio-pagos  | 	at org.apache.hc.client5.http.impl.classic.InternalExecRuntime.connectEndpoint(InternalExecRuntime.java:164)
servicio-pagos  | 	at org.apache.hc.client5.http.impl.classic.InternalExecRuntime.connectEndpoint(InternalExecRuntime.java:174)
servicio-pagos  | 	at org.apache.hc.client5.http.impl.classic.ConnectExec.execute(ConnectExec.java:144)
servicio-pagos  | 	at org.apache.hc.client5.http.impl.classic.ExecChainElement.execute(ExecChainElement.java:51)
servicio-pagos  | 	at org.apache.hc.client5.http.impl.classic.ProtocolExec.execute(ProtocolExec.java:195)
servicio-pagos  | 	at org.apache.hc.client5.http.impl.classic.ExecChainElement.execute(ExecChainElement.java:51)
servicio-pagos  | 	at org.apache.hc.client5.http.impl.classic.ContentCompressionExec.execute(ContentCompressionExec.java:168)
servicio-pagos  | 	at org.apache.hc.client5.http.impl.classic.ExecChainElement.execute(ExecChainElement.java:51)
servicio-pagos  | 	at org.apache.hc.client5.http.impl.classic.HttpRequestRetryExec.execute(HttpRequestRetryExec.java:112)
servicio-pagos  | 	at org.apache.hc.client5.http.impl.classic.ExecChainElement.execute(ExecChainElement.java:51)
servicio-pagos  | 	at org.apache.hc.client5.http.impl.classic.RedirectExec.execute(RedirectExec.java:110)
servicio-pagos  | 	at org.apache.hc.client5.http.impl.classic.ExecChainElement.execute(ExecChainElement.java:51)
servicio-pagos  | 	at org.apache.hc.client5.http.impl.classic.InternalHttpClient.doExecute(InternalHttpClient.java:185)
servicio-pagos  | 	at org.apache.hc.client5.http.impl.classic.CloseableHttpClient.execute(CloseableHttpClient.java:87)
servicio-pagos  | 	at org.apache.hc.client5.http.impl.classic.CloseableHttpClient.execute(CloseableHttpClient.java:55)
servicio-pagos  | 	at org.apache.hc.client5.http.classic.HttpClient.executeOpen(HttpClient.java:183)
servicio-pagos  | 	at org.springframework.http.client.HttpComponentsClientHttpRequest.executeInternal(HttpComponentsClientHttpRequest.java:99)
servicio-pagos  | 	at org.springframework.http.client.AbstractStreamingClientHttpRequest.executeInternal(AbstractStreamingClientHttpRequest.java:87)
servicio-pagos  | 	at org.springframework.http.client.AbstractClientHttpRequest.execute(AbstractClientHttpRequest.java:80)
servicio-pagos  | 	at org.springframework.http.client.AbstractBufferingClientHttpRequest.executeWithRequestAndBody(AbstractBufferingClientHttpRequest.java:89)
servicio-pagos  | 	at org.springframework.http.client.InterceptingClientHttpRequest$EndOfChainRequestExecution.execute(InterceptingClientHttpRequest.java:102)
servicio-pagos  | 	at org.springframework.cloud.netflix.eureka.http.RestClientTransportClientFactory.lambda$newClient$2(RestClientTransportClientFactory.java:98)
servicio-pagos  | 	at org.springframework.http.client.ClientHttpRequestInterceptor.lambda$apply$0(ClientHttpRequestInterceptor.java:89)
servicio-pagos  | 	at org.springframework.http.client.InterceptingClientHttpRequest.executeInternal(InterceptingClientHttpRequest.java:73)
servicio-pagos  | 	at org.springframework.http.client.AbstractBufferingClientHttpRequest.executeInternal(AbstractBufferingClientHttpRequest.java:50)
servicio-pagos  | 	at org.springframework.http.client.AbstractClientHttpRequest.execute(AbstractClientHttpRequest.java:80)
servicio-pagos  | 	at org.springframework.web.client.DefaultRestClient$DefaultRequestBodyUriSpec.exchangeInternal(DefaultRestClient.java:614)
servicio-pagos  | 	... 26 more
servicio-pagos  | 
servicio-pagos  | 2026-06-07T11:41:30.337Z  WARN 1 --- [servicio-pagos] [beatExecutor-%d] c.n.d.s.t.d.RetryableEurekaHttpClient    : Request execution failed with message: I/O error on PUT request for "http://localhost:8761/eureka/apps/SERVICIO-PAGOS/07e9a31ce37f:servicio-pagos:8085": Connect to http://localhost:8761 failed: Connection refused
servicio-pagos  | 2026-06-07T11:41:30.337Z  WARN 1 --- [servicio-pagos] [reshExecutor-%d] c.n.d.s.t.d.RetryableEurekaHttpClient    : Request execution failed with message: I/O error on GET request for "http://localhost:8761/eureka/apps/": Connect to http://localhost:8761 failed: Connection refused
servicio-pagos  | 2026-06-07T11:41:30.338Z  INFO 1 --- [servicio-pagos] [reshExecutor-%d] com.netflix.discovery.DiscoveryClient    : DiscoveryClient_SERVICIO-PAGOS/07e9a31ce37f:servicio-pagos:8085 - was unable to refresh its cache! This periodic background refresh will be retried in 30 seconds. status = Cannot execute request on any known server stacktrace = com.netflix.discovery.shared.transport.TransportException: Cannot execute request on any known server
servicio-pagos  | 	at com.netflix.discovery.shared.transport.decorator.RetryableEurekaHttpClient.execute(RetryableEurekaHttpClient.java:112)
servicio-pagos  | 	at com.netflix.discovery.shared.transport.decorator.EurekaHttpClientDecorator.getApplications(EurekaHttpClientDecorator.java:134)
servicio-pagos  | 	at com.netflix.discovery.shared.transport.decorator.EurekaHttpClientDecorator$6.execute(EurekaHttpClientDecorator.java:137)
servicio-pagos  | 	at com.netflix.discovery.shared.transport.decorator.SessionedEurekaHttpClient.execute(SessionedEurekaHttpClient.java:76)
servicio-pagos  | 	at com.netflix.discovery.shared.transport.decorator.EurekaHttpClientDecorator.getApplications(EurekaHttpClientDecorator.java:134)
servicio-pagos  | 	at com.netflix.discovery.DiscoveryClient.getAndStoreFullRegistry(DiscoveryClient.java:1046)
servicio-pagos  | 	at com.netflix.discovery.DiscoveryClient.fetchRegistry(DiscoveryClient.java:961)
servicio-pagos  | 	at com.netflix.discovery.DiscoveryClient.refreshRegistry(DiscoveryClient.java:1474)
servicio-pagos  | 	at com.netflix.discovery.DiscoveryClient$CacheRefreshThread.run(DiscoveryClient.java:1442)
servicio-pagos  | 	at java.base/java.util.concurrent.Executors$RunnableAdapter.call(Executors.java:572)
servicio-pagos  | 	at java.base/java.util.concurrent.FutureTask.run(FutureTask.java:317)
servicio-pagos  | 	at java.base/java.util.concurrent.ThreadPoolExecutor.runWorker(ThreadPoolExecutor.java:1144)
servicio-pagos  | 	at java.base/java.util.concurrent.ThreadPoolExecutor$Worker.run(ThreadPoolExecutor.java:642)
servicio-pagos  | 	at java.base/java.lang.Thread.run(Thread.java:1583)
servicio-pagos  | 
servicio-pagos  | 2026-06-07T11:41:30.338Z ERROR 1 --- [servicio-pagos] [beatExecutor-%d] com.netflix.discovery.DiscoveryClient    : DiscoveryClient_SERVICIO-PAGOS/07e9a31ce37f:servicio-pagos:8085 - was unable to send heartbeat!
servicio-pagos  | 
servicio-pagos  | com.netflix.discovery.shared.transport.TransportException: Cannot execute request on any known server
servicio-pagos  | 	at com.netflix.discovery.shared.transport.decorator.RetryableEurekaHttpClient.execute(RetryableEurekaHttpClient.java:112) ~[eureka-client-2.0.5.jar!/:2.0.5]
servicio-pagos  | 	at com.netflix.discovery.shared.transport.decorator.EurekaHttpClientDecorator.sendHeartBeat(EurekaHttpClientDecorator.java:89) ~[eureka-client-2.0.5.jar!/:2.0.5]
servicio-pagos  | 	at com.netflix.discovery.shared.transport.decorator.EurekaHttpClientDecorator$3.execute(EurekaHttpClientDecorator.java:92) ~[eureka-client-2.0.5.jar!/:2.0.5]
servicio-pagos  | 	at com.netflix.discovery.shared.transport.decorator.SessionedEurekaHttpClient.execute(SessionedEurekaHttpClient.java:76) ~[eureka-client-2.0.5.jar!/:2.0.5]
servicio-pagos  | 	at com.netflix.discovery.shared.transport.decorator.EurekaHttpClientDecorator.sendHeartBeat(EurekaHttpClientDecorator.java:89) ~[eureka-client-2.0.5.jar!/:2.0.5]
servicio-pagos  | 	at com.netflix.discovery.DiscoveryClient.renew(DiscoveryClient.java:845) ~[eureka-client-2.0.5.jar!/:2.0.5]
servicio-pagos  | 	at com.netflix.discovery.DiscoveryClient$HeartbeatThread.run(DiscoveryClient.java:1403) ~[eureka-client-2.0.5.jar!/:2.0.5]
servicio-pagos  | 	at java.base/java.util.concurrent.Executors$RunnableAdapter.call(Executors.java:572) ~[na:na]
servicio-pagos  | 	at java.base/java.util.concurrent.FutureTask.run(FutureTask.java:317) ~[na:na]
servicio-pagos  | 	at java.base/java.util.concurrent.ThreadPoolExecutor.runWorker(ThreadPoolExecutor.java:1144) ~[na:na]
servicio-pagos  | 	at java.base/java.util.concurrent.ThreadPoolExecutor$Worker.run(ThreadPoolExecutor.java:642) ~[na:na]
servicio-pagos  | 	at java.base/java.lang.Thread.run(Thread.java:1583) ~[na:na]
servicio-pagos  | 
servicio-pagos  | 2026-06-07T11:41:30.836Z  INFO 1 --- [servicio-pagos] [foReplicator-%d] com.netflix.discovery.DiscoveryClient    : DiscoveryClient_SERVICIO-PAGOS/07e9a31ce37f:servicio-pagos:8085: registering service...
servicio-pagos  | 2026-06-07T11:41:30.847Z  INFO 1 --- [servicio-pagos] [foReplicator-%d] c.n.d.s.t.d.RedirectingEurekaHttpClient  : Request execution error. endpoint=DefaultEndpoint{ serviceUrl='http://localhost:8761/eureka/}, exception=I/O error on POST request for "http://localhost:8761/eureka/apps/SERVICIO-PAGOS": Connect to http://localhost:8761 failed: Connection refused stacktrace=org.springframework.web.client.ResourceAccessException: I/O error on POST request for "http://localhost:8761/eureka/apps/SERVICIO-PAGOS": Connect to http://localhost:8761 failed: Connection refused
servicio-pagos  | 	at org.springframework.web.client.DefaultRestClient$DefaultRequestBodyUriSpec.createResourceAccessException(DefaultRestClient.java:779)
servicio-pagos  | 	at org.springframework.web.client.DefaultRestClient$DefaultRequestBodyUriSpec.exchangeInternal(DefaultRestClient.java:624)
servicio-pagos  | 	at org.springframework.web.client.DefaultRestClient$DefaultRequestBodyUriSpec.exchange(DefaultRestClient.java:572)
servicio-pagos  | 	at org.springframework.web.client.RestClient$RequestHeadersSpec.exchange(RestClient.java:747)
servicio-pagos  | 	at org.springframework.web.client.DefaultRestClient$DefaultResponseSpec.executeAndExtract(DefaultRestClient.java:924)
servicio-pagos  | 	at org.springframework.web.client.DefaultRestClient$DefaultResponseSpec.toBodilessEntity(DefaultRestClient.java:888)
servicio-pagos  | 	at org.springframework.cloud.netflix.eureka.http.RestClientEurekaHttpClient.register(RestClientEurekaHttpClient.java:64)
servicio-pagos  | 	at com.netflix.discovery.shared.transport.decorator.EurekaHttpClientDecorator$1.execute(EurekaHttpClientDecorator.java:59)
servicio-pagos  | 	at com.netflix.discovery.shared.transport.decorator.RedirectingEurekaHttpClient.executeOnNewServer(RedirectingEurekaHttpClient.java:121)
servicio-pagos  | 	at com.netflix.discovery.shared.transport.decorator.RedirectingEurekaHttpClient.execute(RedirectingEurekaHttpClient.java:80)
servicio-pagos  | 	at com.netflix.discovery.shared.transport.decorator.EurekaHttpClientDecorator.register(EurekaHttpClientDecorator.java:56)
servicio-pagos  | 	at com.netflix.discovery.shared.transport.decorator.EurekaHttpClientDecorator$1.execute(EurekaHttpClientDecorator.java:59)
servicio-pagos  | 	at com.netflix.discovery.shared.transport.decorator.RetryableEurekaHttpClient.execute(RetryableEurekaHttpClient.java:120)
servicio-pagos  | 	at com.netflix.discovery.shared.transport.decorator.EurekaHttpClientDecorator.register(EurekaHttpClientDecorator.java:56)
servicio-pagos  | 	at com.netflix.discovery.shared.transport.decorator.EurekaHttpClientDecorator$1.execute(EurekaHttpClientDecorator.java:59)
servicio-pagos  | 	at com.netflix.discovery.shared.transport.decorator.SessionedEurekaHttpClient.execute(SessionedEurekaHttpClient.java:76)
servicio-pagos  | 	at com.netflix.discovery.shared.transport.decorator.EurekaHttpClientDecorator.register(EurekaHttpClientDecorator.java:56)
servicio-pagos  | 	at com.netflix.discovery.DiscoveryClient.register(DiscoveryClient.java:828)
servicio-pagos  | 	at com.netflix.discovery.InstanceInfoReplicator.run(InstanceInfoReplicator.java:125)
servicio-pagos  | 	at java.base/java.util.concurrent.Executors$RunnableAdapter.call(Executors.java:572)
servicio-pagos  | 	at java.base/java.util.concurrent.FutureTask.run(FutureTask.java:317)
servicio-pagos  | 	at java.base/java.util.concurrent.ScheduledThreadPoolExecutor$ScheduledFutureTask.run(ScheduledThreadPoolExecutor.java:304)
servicio-pagos  | 	at java.base/java.util.concurrent.ThreadPoolExecutor.runWorker(ThreadPoolExecutor.java:1144)
servicio-pagos  | 	at java.base/java.util.concurrent.ThreadPoolExecutor$Worker.run(ThreadPoolExecutor.java:642)
servicio-pagos  | 	at java.base/java.lang.Thread.run(Thread.java:1583)
servicio-pagos  | Caused by: org.apache.hc.client5.http.HttpHostConnectException: Connect to http://localhost:8761 failed: Connection refused
servicio-pagos  | 	at java.base/sun.nio.ch.Net.pollConnect(Native Method)
servicio-pagos  | 	at java.base/sun.nio.ch.Net.pollConnectNow(Net.java:694)
servicio-pagos  | 	at java.base/sun.nio.ch.NioSocketImpl.timedFinishConnect(NioSocketImpl.java:542)
servicio-pagos  | 	at java.base/sun.nio.ch.NioSocketImpl.connect(NioSocketImpl.java:592)
servicio-pagos  | 	at java.base/java.net.SocksSocketImpl.connect(SocksSocketImpl.java:327)
servicio-pagos  | 	at java.base/java.net.Socket.connect(Socket.java:751)
servicio-pagos  | 	at org.apache.hc.client5.http.impl.io.DefaultHttpClientConnectionOperator.connect(DefaultHttpClientConnectionOperator.java:226)
servicio-pagos  | 	at org.apache.hc.client5.http.impl.io.PoolingHttpClientConnectionManager.connect(PoolingHttpClientConnectionManager.java:497)
servicio-pagos  | 	at org.apache.hc.client5.http.impl.classic.InternalExecRuntime.connectEndpoint(InternalExecRuntime.java:164)
servicio-pagos  | 	at org.apache.hc.client5.http.impl.classic.InternalExecRuntime.connectEndpoint(InternalExecRuntime.java:174)
servicio-pagos  | 	at org.apache.hc.client5.http.impl.classic.ConnectExec.execute(ConnectExec.java:144)
servicio-pagos  | 	at org.apache.hc.client5.http.impl.classic.ExecChainElement.execute(ExecChainElement.java:51)
servicio-pagos  | 	at org.apache.hc.client5.http.impl.classic.ProtocolExec.execute(ProtocolExec.java:195)
servicio-pagos  | 	at org.apache.hc.client5.http.impl.classic.ExecChainElement.execute(ExecChainElement.java:51)
servicio-pagos  | 	at org.apache.hc.client5.http.impl.classic.ContentCompressionExec.execute(ContentCompressionExec.java:168)
servicio-pagos  | 	at org.apache.hc.client5.http.impl.classic.ExecChainElement.execute(ExecChainElement.java:51)
servicio-pagos  | 	at org.apache.hc.client5.http.impl.classic.HttpRequestRetryExec.execute(HttpRequestRetryExec.java:112)
servicio-pagos  | 	at org.apache.hc.client5.http.impl.classic.ExecChainElement.execute(ExecChainElement.java:51)
servicio-pagos  | 	at org.apache.hc.client5.http.impl.classic.RedirectExec.execute(RedirectExec.java:110)
servicio-pagos  | 	at org.apache.hc.client5.http.impl.classic.ExecChainElement.execute(ExecChainElement.java:51)
servicio-pagos  | 	at org.apache.hc.client5.http.impl.classic.InternalHttpClient.doExecute(InternalHttpClient.java:185)
servicio-pagos  | 	at org.apache.hc.client5.http.impl.classic.CloseableHttpClient.execute(CloseableHttpClient.java:87)
servicio-pagos  | 	at org.apache.hc.client5.http.impl.classic.CloseableHttpClient.execute(CloseableHttpClient.java:55)
servicio-pagos  | 	at org.apache.hc.client5.http.classic.HttpClient.executeOpen(HttpClient.java:183)
servicio-pagos  | 	at org.springframework.http.client.HttpComponentsClientHttpRequest.executeInternal(HttpComponentsClientHttpRequest.java:99)
servicio-pagos  | 	at org.springframework.http.client.AbstractStreamingClientHttpRequest.executeInternal(AbstractStreamingClientHttpRequest.java:87)
servicio-pagos  | 	at org.springframework.http.client.AbstractClientHttpRequest.execute(AbstractClientHttpRequest.java:80)
servicio-pagos  | 	at org.springframework.http.client.AbstractBufferingClientHttpRequest.executeWithRequestAndBody(AbstractBufferingClientHttpRequest.java:89)
servicio-pagos  | 	at org.springframework.http.client.InterceptingClientHttpRequest$EndOfChainRequestExecution.execute(InterceptingClientHttpRequest.java:102)
servicio-pagos  | 	at org.springframework.cloud.netflix.eureka.http.RestClientTransportClientFactory.lambda$newClient$2(RestClientTransportClientFactory.java:98)
servicio-pagos  | 	at org.springframework.http.client.ClientHttpRequestInterceptor.lambda$apply$0(ClientHttpRequestInterceptor.java:89)
servicio-pagos  | 	at org.springframework.http.client.InterceptingClientHttpRequest.executeInternal(InterceptingClientHttpRequest.java:73)
servicio-pagos  | 	at org.springframework.http.client.AbstractBufferingClientHttpRequest.executeInternal(AbstractBufferingClientHttpRequest.java:50)
servicio-pagos  | 	at org.springframework.http.client.AbstractClientHttpRequest.execute(AbstractClientHttpRequest.java:80)
servicio-pagos  | 	at org.springframework.web.client.DefaultRestClient$DefaultRequestBodyUriSpec.exchangeInternal(DefaultRestClient.java:614)
servicio-pagos  | 	... 23 more
servicio-pagos  | 
servicio-pagos  | 2026-06-07T11:41:30.847Z  WARN 1 --- [servicio-pagos] [foReplicator-%d] c.n.d.s.t.d.RetryableEurekaHttpClient    : Request execution failed with message: I/O error on POST request for "http://localhost:8761/eureka/apps/SERVICIO-PAGOS": Connect to http://localhost:8761 failed: Connection refused
servicio-pagos  | 2026-06-07T11:41:30.847Z  WARN 1 --- [servicio-pagos] [foReplicator-%d] com.netflix.discovery.DiscoveryClient    : DiscoveryClient_SERVICIO-PAGOS/07e9a31ce37f:servicio-pagos:8085 - registration failed Cannot execute request on any known server
servicio-pagos  | 
servicio-pagos  | com.netflix.discovery.shared.transport.TransportException: Cannot execute request on any known server
servicio-pagos  | 	at com.netflix.discovery.shared.transport.decorator.RetryableEurekaHttpClient.execute(RetryableEurekaHttpClient.java:112) ~[eureka-client-2.0.5.jar!/:2.0.5]
servicio-pagos  | 	at com.netflix.discovery.shared.transport.decorator.EurekaHttpClientDecorator.register(EurekaHttpClientDecorator.java:56) ~[eureka-client-2.0.5.jar!/:2.0.5]
servicio-pagos  | 	at com.netflix.discovery.shared.transport.decorator.EurekaHttpClientDecorator$1.execute(EurekaHttpClientDecorator.java:59) ~[eureka-client-2.0.5.jar!/:2.0.5]
servicio-pagos  | 	at com.netflix.discovery.shared.transport.decorator.SessionedEurekaHttpClient.execute(SessionedEurekaHttpClient.java:76) ~[eureka-client-2.0.5.jar!/:2.0.5]
servicio-pagos  | 	at com.netflix.discovery.shared.transport.decorator.EurekaHttpClientDecorator.register(EurekaHttpClientDecorator.java:56) ~[eureka-client-2.0.5.jar!/:2.0.5]
servicio-pagos  | 	at com.netflix.discovery.DiscoveryClient.register(DiscoveryClient.java:828) ~[eureka-client-2.0.5.jar!/:2.0.5]
servicio-pagos  | 	at com.netflix.discovery.InstanceInfoReplicator.run(InstanceInfoReplicator.java:125) ~[eureka-client-2.0.5.jar!/:2.0.5]
servicio-pagos  | 	at java.base/java.util.concurrent.Executors$RunnableAdapter.call(Executors.java:572) ~[na:na]
servicio-pagos  | 	at java.base/java.util.concurrent.FutureTask.run(FutureTask.java:317) ~[na:na]
servicio-pagos  | 	at java.base/java.util.concurrent.ScheduledThreadPoolExecutor$ScheduledFutureTask.run(ScheduledThreadPoolExecutor.java:304) ~[na:na]
servicio-pagos  | 	at java.base/java.util.concurrent.ThreadPoolExecutor.runWorker(ThreadPoolExecutor.java:1144) ~[na:na]
servicio-pagos  | 	at java.base/java.util.concurrent.ThreadPoolExecutor$Worker.run(ThreadPoolExecutor.java:642) ~[na:na]
servicio-pagos  | 	at java.base/java.lang.Thread.run(Thread.java:1583) ~[na:na]
servicio-pagos  | 
servicio-pagos  | 2026-06-07T11:41:30.848Z  WARN 1 --- [servicio-pagos] [foReplicator-%d] c.n.discovery.InstanceInfoReplicator     : There was a problem with the instance info replicator
servicio-pagos  | 
servicio-pagos  | com.netflix.discovery.shared.transport.TransportException: Cannot execute request on any known server
servicio-pagos  | 	at com.netflix.discovery.shared.transport.decorator.RetryableEurekaHttpClient.execute(RetryableEurekaHttpClient.java:112) ~[eureka-client-2.0.5.jar!/:2.0.5]
servicio-pagos  | 	at com.netflix.discovery.shared.transport.decorator.EurekaHttpClientDecorator.register(EurekaHttpClientDecorator.java:56) ~[eureka-client-2.0.5.jar!/:2.0.5]
servicio-pagos  | 	at com.netflix.discovery.shared.transport.decorator.EurekaHttpClientDecorator$1.execute(EurekaHttpClientDecorator.java:59) ~[eureka-client-2.0.5.jar!/:2.0.5]
servicio-pagos  | 	at com.netflix.discovery.shared.transport.decorator.SessionedEurekaHttpClient.execute(SessionedEurekaHttpClient.java:76) ~[eureka-client-2.0.5.jar!/:2.0.5]
servicio-pagos  | 	at com.netflix.discovery.shared.transport.decorator.EurekaHttpClientDecorator.register(EurekaHttpClientDecorator.java:56) ~[eureka-client-2.0.5.jar!/:2.0.5]
servicio-pagos  | 	at com.netflix.discovery.DiscoveryClient.register(DiscoveryClient.java:828) ~[eureka-client-2.0.5.jar!/:2.0.5]
servicio-pagos  | 	at com.netflix.discovery.InstanceInfoReplicator.run(InstanceInfoReplicator.java:125) ~[eureka-client-2.0.5.jar!/:2.0.5]
servicio-pagos  | 	at java.base/java.util.concurrent.Executors$RunnableAdapter.call(Executors.java:572) ~[na:na]
servicio-pagos  | 	at java.base/java.util.concurrent.FutureTask.run(FutureTask.java:317) ~[na:na]
servicio-pagos  | 	at java.base/java.util.concurrent.ScheduledThreadPoolExecutor$ScheduledFutureTask.run(ScheduledThreadPoolExecutor.java:304) ~[na:na]
servicio-pagos  | 	at java.base/java.util.concurrent.ThreadPoolExecutor.runWorker(ThreadPoolExecutor.java:1144) ~[na:na]
servicio-pagos  | 	at java.base/java.util.concurrent.ThreadPoolExecutor$Worker.run(ThreadPoolExecutor.java:642) ~[na:na]
servicio-pagos  | 	at java.base/java.lang.Thread.run(Thread.java:1583) ~[na:na]
servicio-pagos  | 
servicio-pagos  | 2026-06-07T11:42:00.337Z  INFO 1 --- [servicio-pagos] [reshExecutor-%d] com.netflix.discovery.DiscoveryClient    : Disable delta property : false
servicio-pagos  | 2026-06-07T11:42:00.338Z  INFO 1 --- [servicio-pagos] [reshExecutor-%d] com.netflix.discovery.DiscoveryClient    : Single vip registry refresh property : null
servicio-pagos  | 2026-06-07T11:42:00.338Z  INFO 1 --- [servicio-pagos] [reshExecutor-%d] com.netflix.discovery.DiscoveryClient    : Force full registry fetch : false
servicio-pagos  | 2026-06-07T11:42:00.338Z  INFO 1 --- [servicio-pagos] [reshExecutor-%d] com.netflix.discovery.DiscoveryClient    : Application is null : false
servicio-pagos  | 2026-06-07T11:42:00.339Z  INFO 1 --- [servicio-pagos] [reshExecutor-%d] com.netflix.discovery.DiscoveryClient    : Registered Applications size is zero : true
servicio-pagos  | 2026-06-07T11:42:00.339Z  INFO 1 --- [servicio-pagos] [reshExecutor-%d] com.netflix.discovery.DiscoveryClient    : Application version is -1: true
servicio-pagos  | 2026-06-07T11:42:00.339Z  INFO 1 --- [servicio-pagos] [reshExecutor-%d] com.netflix.discovery.DiscoveryClient    : Getting all instance registry info from the eureka server
servicio-pagos  | 2026-06-07T11:42:00.362Z  INFO 1 --- [servicio-pagos] [reshExecutor-%d] c.n.d.s.t.d.RedirectingEurekaHttpClient  : Request execution error. endpoint=DefaultEndpoint{ serviceUrl='http://localhost:8761/eureka/}, exception=I/O error on GET request for "http://localhost:8761/eureka/apps/": Connect to http://localhost:8761 failed: Connection refused stacktrace=org.springframework.web.client.ResourceAccessException: I/O error on GET request for "http://localhost:8761/eureka/apps/": Connect to http://localhost:8761 failed: Connection refused
servicio-pagos  | 	at org.springframework.web.client.DefaultRestClient$DefaultRequestBodyUriSpec.createResourceAccessException(DefaultRestClient.java:779)
servicio-pagos  | 	at org.springframework.web.client.DefaultRestClient$DefaultRequestBodyUriSpec.exchangeInternal(DefaultRestClient.java:624)
servicio-pagos  | 	at org.springframework.web.client.DefaultRestClient$DefaultRequestBodyUriSpec.exchange(DefaultRestClient.java:572)
servicio-pagos  | 	at org.springframework.web.client.RestClient$RequestHeadersSpec.exchange(RestClient.java:747)
servicio-pagos  | 	at org.springframework.web.client.DefaultRestClient$DefaultResponseSpec.executeAndExtract(DefaultRestClient.java:924)
servicio-pagos  | 	at org.springframework.web.client.DefaultRestClient$DefaultResponseSpec.toEntityInternal(DefaultRestClient.java:870)
servicio-pagos  | 	at org.springframework.web.client.DefaultRestClient$DefaultResponseSpec.toEntity(DefaultRestClient.java:859)
servicio-pagos  | 	at org.springframework.cloud.netflix.eureka.http.RestClientEurekaHttpClient.getApplicationsInternal(RestClientEurekaHttpClient.java:201)
servicio-pagos  | 	at org.springframework.cloud.netflix.eureka.http.RestClientEurekaHttpClient.getApplications(RestClientEurekaHttpClient.java:137)
servicio-pagos  | 	at com.netflix.discovery.shared.transport.decorator.EurekaHttpClientDecorator$6.execute(EurekaHttpClientDecorator.java:137)
servicio-pagos  | 	at com.netflix.discovery.shared.transport.decorator.RedirectingEurekaHttpClient.executeOnNewServer(RedirectingEurekaHttpClient.java:121)
servicio-pagos  | 	at com.netflix.discovery.shared.transport.decorator.RedirectingEurekaHttpClient.execute(RedirectingEurekaHttpClient.java:80)
servicio-pagos  | 	at com.netflix.discovery.shared.transport.decorator.EurekaHttpClientDecorator.getApplications(EurekaHttpClientDecorator.java:134)
servicio-pagos  | 	at com.netflix.discovery.shared.transport.decorator.EurekaHttpClientDecorator$6.execute(EurekaHttpClientDecorator.java:137)
servicio-pagos  | 	at com.netflix.discovery.shared.transport.decorator.RetryableEurekaHttpClient.execute(RetryableEurekaHttpClient.java:120)
servicio-pagos  | 	at com.netflix.discovery.shared.transport.decorator.EurekaHttpClientDecorator.getApplications(EurekaHttpClientDecorator.java:134)
servicio-pagos  | 	at com.netflix.discovery.shared.transport.decorator.EurekaHttpClientDecorator$6.execute(EurekaHttpClientDecorator.java:137)
servicio-pagos  | 	at com.netflix.discovery.shared.transport.decorator.SessionedEurekaHttpClient.execute(SessionedEurekaHttpClient.java:76)
servicio-pagos  | 	at com.netflix.discovery.shared.transport.decorator.EurekaHttpClientDecorator.getApplications(EurekaHttpClientDecorator.java:134)
servicio-pagos  | 	at com.netflix.discovery.DiscoveryClient.getAndStoreFullRegistry(DiscoveryClient.java:1046)
servicio-pagos  | 	at com.netflix.discovery.DiscoveryClient.fetchRegistry(DiscoveryClient.java:961)
servicio-pagos  | 	at com.netflix.discovery.DiscoveryClient.refreshRegistry(DiscoveryClient.java:1474)
servicio-pagos  | 	at com.netflix.discovery.DiscoveryClient$CacheRefreshThread.run(DiscoveryClient.java:1442)
servicio-pagos  | 	at java.base/java.util.concurrent.Executors$RunnableAdapter.call(Executors.java:572)
servicio-pagos  | 	at java.base/java.util.concurrent.FutureTask.run(FutureTask.java:317)
servicio-pagos  | 	at java.base/java.util.concurrent.ThreadPoolExecutor.runWorker(ThreadPoolExecutor.java:1144)
servicio-pagos  | 	at java.base/java.util.concurrent.ThreadPoolExecutor$Worker.run(ThreadPoolExecutor.java:642)
servicio-pagos  | 	at java.base/java.lang.Thread.run(Thread.java:1583)
servicio-pagos  | Caused by: org.apache.hc.client5.http.HttpHostConnectException: Connect to http://localhost:8761 failed: Connection refused
servicio-pagos  | 	at java.base/sun.nio.ch.Net.pollConnect(Native Method)
servicio-pagos  | 	at java.base/sun.nio.ch.Net.pollConnectNow(Net.java:694)
servicio-pagos  | 	at java.base/sun.nio.ch.NioSocketImpl.timedFinishConnect(NioSocketImpl.java:542)
servicio-pagos  | 	at java.base/sun.nio.ch.NioSocketImpl.connect(NioSocketImpl.java:592)
servicio-pagos  | 	at java.base/java.net.SocksSocketImpl.connect(SocksSocketImpl.java:327)
servicio-pagos  | 	at java.base/java.net.Socket.connect(Socket.java:751)
servicio-pagos  | 	at org.apache.hc.client5.http.impl.io.DefaultHttpClientConnectionOperator.connect(DefaultHttpClientConnectionOperator.java:226)
servicio-pagos  | 	at org.apache.hc.client5.http.impl.io.PoolingHttpClientConnectionManager.connect(PoolingHttpClientConnectionManager.java:497)
servicio-pagos  | 	at org.apache.hc.client5.http.impl.classic.InternalExecRuntime.connectEndpoint(InternalExecRuntime.java:164)
servicio-pagos  | 	at org.apache.hc.client5.http.impl.classic.InternalExecRuntime.connectEndpoint(InternalExecRuntime.java:174)
servicio-pagos  | 	at org.apache.hc.client5.http.impl.classic.ConnectExec.execute(ConnectExec.java:144)
servicio-pagos  | 	at org.apache.hc.client5.http.impl.classic.ExecChainElement.execute(ExecChainElement.java:51)
servicio-pagos  | 	at org.apache.hc.client5.http.impl.classic.ProtocolExec.execute(ProtocolExec.java:195)
servicio-pagos  | 	at org.apache.hc.client5.http.impl.classic.ExecChainElement.execute(ExecChainElement.java:51)
servicio-pagos  | 	at org.apache.hc.client5.http.impl.classic.ContentCompressionExec.execute(ContentCompressionExec.java:168)
servicio-pagos  | 	at org.apache.hc.client5.http.impl.classic.ExecChainElement.execute(ExecChainElement.java:51)
servicio-pagos  | 	at org.apache.hc.client5.http.impl.classic.HttpRequestRetryExec.execute(HttpRequestRetryExec.java:112)
servicio-pagos  | 	at org.apache.hc.client5.http.impl.classic.ExecChainElement.execute(ExecChainElement.java:51)
servicio-pagos  | 	at org.apache.hc.client5.http.impl.classic.RedirectExec.execute(RedirectExec.java:110)
servicio-pagos  | 	at org.apache.hc.client5.http.impl.classic.ExecChainElement.execute(ExecChainElement.java:51)
servicio-pagos  | 	at org.apache.hc.client5.http.impl.classic.InternalHttpClient.doExecute(InternalHttpClient.java:185)
servicio-pagos  | 	at org.apache.hc.client5.http.impl.classic.CloseableHttpClient.execute(CloseableHttpClient.java:87)
servicio-pagos  | 	at org.apache.hc.client5.http.impl.classic.CloseableHttpClient.execute(CloseableHttpClient.java:55)
servicio-pagos  | 	at org.apache.hc.client5.http.classic.HttpClient.executeOpen(HttpClient.java:183)
servicio-pagos  | 	at org.springframework.http.client.HttpComponentsClientHttpRequest.executeInternal(HttpComponentsClientHttpRequest.java:99)
servicio-pagos  | 	at org.springframework.http.client.AbstractStreamingClientHttpRequest.executeInternal(AbstractStreamingClientHttpRequest.java:87)
servicio-pagos  | 	at org.springframework.http.client.AbstractClientHttpRequest.execute(AbstractClientHttpRequest.java:80)
servicio-pagos  | 	at org.springframework.http.client.AbstractBufferingClientHttpRequest.executeWithRequestAndBody(AbstractBufferingClientHttpRequest.java:89)
servicio-pagos  | 	at org.springframework.http.client.InterceptingClientHttpRequest$EndOfChainRequestExecution.execute(InterceptingClientHttpRequest.java:102)
servicio-pagos  | 	at org.springframework.cloud.netflix.eureka.http.RestClientTransportClientFactory.lambda$newClient$2(RestClientTransportClientFactory.java:98)
servicio-pagos  | 	at org.springframework.http.client.ClientHttpRequestInterceptor.lambda$apply$0(ClientHttpRequestInterceptor.java:89)
servicio-pagos  | 	at org.springframework.http.client.InterceptingClientHttpRequest.executeInternal(InterceptingClientHttpRequest.java:73)
servicio-pagos  | 	at org.springframework.http.client.AbstractBufferingClientHttpRequest.executeInternal(AbstractBufferingClientHttpRequest.java:50)
servicio-pagos  | 	at org.springframework.http.client.AbstractClientHttpRequest.execute(AbstractClientHttpRequest.java:80)
servicio-pagos  | 	at org.springframework.web.client.DefaultRestClient$DefaultRequestBodyUriSpec.exchangeInternal(DefaultRestClient.java:614)
servicio-pagos  | 	... 26 more
servicio-pagos  | 
servicio-pagos  | 2026-06-07T11:42:00.362Z  INFO 1 --- [servicio-pagos] [beatExecutor-%d] c.n.d.s.t.d.RedirectingEurekaHttpClient  : Request execution error. endpoint=DefaultEndpoint{ serviceUrl='http://localhost:8761/eureka/}, exception=I/O error on PUT request for "http://localhost:8761/eureka/apps/SERVICIO-PAGOS/07e9a31ce37f:servicio-pagos:8085": Connect to http://localhost:8761 failed: Connection refused stacktrace=org.springframework.web.client.ResourceAccessException: I/O error on PUT request for "http://localhost:8761/eureka/apps/SERVICIO-PAGOS/07e9a31ce37f:servicio-pagos:8085": Connect to http://localhost:8761 failed: Connection refused
servicio-pagos  | 	at org.springframework.web.client.DefaultRestClient$DefaultRequestBodyUriSpec.createResourceAccessException(DefaultRestClient.java:779)
servicio-pagos  | 	at org.springframework.web.client.DefaultRestClient$DefaultRequestBodyUriSpec.exchangeInternal(DefaultRestClient.java:624)
servicio-pagos  | 	at org.springframework.web.client.DefaultRestClient$DefaultRequestBodyUriSpec.exchange(DefaultRestClient.java:572)
servicio-pagos  | 	at org.springframework.web.client.RestClient$RequestHeadersSpec.exchange(RestClient.java:747)
servicio-pagos  | 	at org.springframework.web.client.DefaultRestClient$DefaultResponseSpec.executeAndExtract(DefaultRestClient.java:924)
servicio-pagos  | 	at org.springframework.web.client.DefaultRestClient$DefaultResponseSpec.toEntityInternal(DefaultRestClient.java:870)
servicio-pagos  | 	at org.springframework.web.client.DefaultRestClient$DefaultResponseSpec.toEntity(DefaultRestClient.java:859)
servicio-pagos  | 	at org.springframework.cloud.netflix.eureka.http.RestClientEurekaHttpClient.sendHeartBeat(RestClientEurekaHttpClient.java:91)
servicio-pagos  | 	at com.netflix.discovery.shared.transport.decorator.EurekaHttpClientDecorator$3.execute(EurekaHttpClientDecorator.java:92)
servicio-pagos  | 	at com.netflix.discovery.shared.transport.decorator.RedirectingEurekaHttpClient.executeOnNewServer(RedirectingEurekaHttpClient.java:121)
servicio-pagos  | 	at com.netflix.discovery.shared.transport.decorator.RedirectingEurekaHttpClient.execute(RedirectingEurekaHttpClient.java:80)
servicio-pagos  | 	at com.netflix.discovery.shared.transport.decorator.EurekaHttpClientDecorator.sendHeartBeat(EurekaHttpClientDecorator.java:89)
servicio-pagos  | 	at com.netflix.discovery.shared.transport.decorator.EurekaHttpClientDecorator$3.execute(EurekaHttpClientDecorator.java:92)
servicio-pagos  | 	at com.netflix.discovery.shared.transport.decorator.RetryableEurekaHttpClient.execute(RetryableEurekaHttpClient.java:120)
servicio-pagos  | 	at com.netflix.discovery.shared.transport.decorator.EurekaHttpClientDecorator.sendHeartBeat(EurekaHttpClientDecorator.java:89)
servicio-pagos  | 	at com.netflix.discovery.shared.transport.decorator.EurekaHttpClientDecorator$3.execute(EurekaHttpClientDecorator.java:92)
servicio-pagos  | 	at com.netflix.discovery.shared.transport.decorator.SessionedEurekaHttpClient.execute(SessionedEurekaHttpClient.java:76)
servicio-pagos  | 	at com.netflix.discovery.shared.transport.decorator.EurekaHttpClientDecorator.sendHeartBeat(EurekaHttpClientDecorator.java:89)
servicio-pagos  | 	at com.netflix.discovery.DiscoveryClient.renew(DiscoveryClient.java:845)
servicio-pagos  | 	at com.netflix.discovery.DiscoveryClient$HeartbeatThread.run(DiscoveryClient.java:1403)
servicio-pagos  | 	at java.base/java.util.concurrent.Executors$RunnableAdapter.call(Executors.java:572)
servicio-pagos  | 	at java.base/java.util.concurrent.FutureTask.run(FutureTask.java:317)
servicio-pagos  | 	at java.base/java.util.concurrent.ThreadPoolExecutor.runWorker(ThreadPoolExecutor.java:1144)
servicio-pagos  | 	at java.base/java.util.concurrent.ThreadPoolExecutor$Worker.run(ThreadPoolExecutor.java:642)
servicio-pagos  | 	at java.base/java.lang.Thread.run(Thread.java:1583)
servicio-pagos  | Caused by: org.apache.hc.client5.http.HttpHostConnectException: Connect to http://localhost:8761 failed: Connection refused
servicio-pagos  | 	at java.base/sun.nio.ch.Net.pollConnect(Native Method)
servicio-pagos  | 	at java.base/sun.nio.ch.Net.pollConnectNow(Net.java:694)
servicio-pagos  | 	at java.base/sun.nio.ch.NioSocketImpl.timedFinishConnect(NioSocketImpl.java:542)
servicio-pagos  | 	at java.base/sun.nio.ch.NioSocketImpl.connect(NioSocketImpl.java:592)
servicio-pagos  | 	at java.base/java.net.SocksSocketImpl.connect(SocksSocketImpl.java:327)
servicio-pagos  | 	at java.base/java.net.Socket.connect(Socket.java:751)
servicio-pagos  | 	at org.apache.hc.client5.http.impl.io.DefaultHttpClientConnectionOperator.connect(DefaultHttpClientConnectionOperator.java:226)
servicio-pagos  | 	at org.apache.hc.client5.http.impl.io.PoolingHttpClientConnectionManager.connect(PoolingHttpClientConnectionManager.java:497)
servicio-pagos  | 	at org.apache.hc.client5.http.impl.classic.InternalExecRuntime.connectEndpoint(InternalExecRuntime.java:164)
servicio-pagos  | 	at org.apache.hc.client5.http.impl.classic.InternalExecRuntime.connectEndpoint(InternalExecRuntime.java:174)
servicio-pagos  | 	at org.apache.hc.client5.http.impl.classic.ConnectExec.execute(ConnectExec.java:144)
servicio-pagos  | 	at org.apache.hc.client5.http.impl.classic.ExecChainElement.execute(ExecChainElement.java:51)
servicio-pagos  | 	at org.apache.hc.client5.http.impl.classic.ProtocolExec.execute(ProtocolExec.java:195)
servicio-pagos  | 	at org.apache.hc.client5.http.impl.classic.ExecChainElement.execute(ExecChainElement.java:51)
servicio-pagos  | 	at org.apache.hc.client5.http.impl.classic.ContentCompressionExec.execute(ContentCompressionExec.java:168)
servicio-pagos  | 	at org.apache.hc.client5.http.impl.classic.ExecChainElement.execute(ExecChainElement.java:51)
servicio-pagos  | 	at org.apache.hc.client5.http.impl.classic.HttpRequestRetryExec.execute(HttpRequestRetryExec.java:112)
servicio-pagos  | 	at org.apache.hc.client5.http.impl.classic.ExecChainElement.execute(ExecChainElement.java:51)
servicio-pagos  | 	at org.apache.hc.client5.http.impl.classic.RedirectExec.execute(RedirectExec.java:110)
servicio-pagos  | 	at org.apache.hc.client5.http.impl.classic.ExecChainElement.execute(ExecChainElement.java:51)
servicio-pagos  | 	at org.apache.hc.client5.http.impl.classic.InternalHttpClient.doExecute(InternalHttpClient.java:185)
servicio-pagos  | 	at org.apache.hc.client5.http.impl.classic.CloseableHttpClient.execute(CloseableHttpClient.java:87)
servicio-pagos  | 	at org.apache.hc.client5.http.impl.classic.CloseableHttpClient.execute(CloseableHttpClient.java:55)
servicio-pagos  | 	at org.apache.hc.client5.http.classic.HttpClient.executeOpen(HttpClient.java:183)
servicio-pagos  | 	at org.springframework.http.client.HttpComponentsClientHttpRequest.executeInternal(HttpComponentsClientHttpRequest.java:99)
servicio-pagos  | 	at org.springframework.http.client.AbstractStreamingClientHttpRequest.executeInternal(AbstractStreamingClientHttpRequest.java:87)
servicio-pagos  | 	at org.springframework.http.client.AbstractClientHttpRequest.execute(AbstractClientHttpRequest.java:80)
servicio-pagos  | 	at org.springframework.http.client.AbstractBufferingClientHttpRequest.executeWithRequestAndBody(AbstractBufferingClientHttpRequest.java:89)
servicio-pagos  | 	at org.springframework.http.client.InterceptingClientHttpRequest$EndOfChainRequestExecution.execute(InterceptingClientHttpRequest.java:102)
servicio-pagos  | 	at org.springframework.cloud.netflix.eureka.http.RestClientTransportClientFactory.lambda$newClient$2(RestClientTransportClientFactory.java:98)
servicio-pagos  | 	at org.springframework.http.client.ClientHttpRequestInterceptor.lambda$apply$0(ClientHttpRequestInterceptor.java:89)
servicio-pagos  | 	at org.springframework.http.client.InterceptingClientHttpRequest.executeInternal(InterceptingClientHttpRequest.java:73)
servicio-pagos  | 	at org.springframework.http.client.AbstractBufferingClientHttpRequest.executeInternal(AbstractBufferingClientHttpRequest.java:50)
servicio-pagos  | 	at org.springframework.http.client.AbstractClientHttpRequest.execute(AbstractClientHttpRequest.java:80)
servicio-pagos  | 	at org.springframework.web.client.DefaultRestClient$DefaultRequestBodyUriSpec.exchangeInternal(DefaultRestClient.java:614)
servicio-pagos  | 	... 23 more
servicio-pagos  | 
servicio-pagos  | 2026-06-07T11:42:00.362Z  WARN 1 --- [servicio-pagos] [reshExecutor-%d] c.n.d.s.t.d.RetryableEurekaHttpClient    : Request execution failed with message: I/O error on GET request for "http://localhost:8761/eureka/apps/": Connect to http://localhost:8761 failed: Connection refused
servicio-pagos  | 2026-06-07T11:42:00.363Z  INFO 1 --- [servicio-pagos] [reshExecutor-%d] com.netflix.discovery.DiscoveryClient    : DiscoveryClient_SERVICIO-PAGOS/07e9a31ce37f:servicio-pagos:8085 - was unable to refresh its cache! This periodic background refresh will be retried in 30 seconds. status = Cannot execute request on any known server stacktrace = com.netflix.discovery.shared.transport.TransportException: Cannot execute request on any known server
servicio-pagos  | 	at com.netflix.discovery.shared.transport.decorator.RetryableEurekaHttpClient.execute(RetryableEurekaHttpClient.java:112)
servicio-pagos  | 	at com.netflix.discovery.shared.transport.decorator.EurekaHttpClientDecorator.getApplications(EurekaHttpClientDecorator.java:134)
servicio-pagos  | 	at com.netflix.discovery.shared.transport.decorator.EurekaHttpClientDecorator$6.execute(EurekaHttpClientDecorator.java:137)
servicio-pagos  | 	at com.netflix.discovery.shared.transport.decorator.SessionedEurekaHttpClient.execute(SessionedEurekaHttpClient.java:76)
servicio-pagos  | 	at com.netflix.discovery.shared.transport.decorator.EurekaHttpClientDecorator.getApplications(EurekaHttpClientDecorator.java:134)
servicio-pagos  | 	at com.netflix.discovery.DiscoveryClient.getAndStoreFullRegistry(DiscoveryClient.java:1046)
servicio-pagos  | 	at com.netflix.discovery.DiscoveryClient.fetchRegistry(DiscoveryClient.java:961)
servicio-pagos  | 	at com.netflix.discovery.DiscoveryClient.refreshRegistry(DiscoveryClient.java:1474)
servicio-pagos  | 	at com.netflix.discovery.DiscoveryClient$CacheRefreshThread.run(DiscoveryClient.java:1442)
servicio-pagos  | 	at java.base/java.util.concurrent.Executors$RunnableAdapter.call(Executors.java:572)
servicio-pagos  | 	at java.base/java.util.concurrent.FutureTask.run(FutureTask.java:317)
servicio-pagos  | 	at java.base/java.util.concurrent.ThreadPoolExecutor.runWorker(ThreadPoolExecutor.java:1144)
servicio-pagos  | 	at java.base/java.util.concurrent.ThreadPoolExecutor$Worker.run(ThreadPoolExecutor.java:642)
servicio-pagos  | 	at java.base/java.lang.Thread.run(Thread.java:1583)
servicio-pagos  | 
servicio-pagos  | 2026-06-07T11:42:00.363Z  WARN 1 --- [servicio-pagos] [beatExecutor-%d] c.n.d.s.t.d.RetryableEurekaHttpClient    : Request execution failed with message: I/O error on PUT request for "http://localhost:8761/eureka/apps/SERVICIO-PAGOS/07e9a31ce37f:servicio-pagos:8085": Connect to http://localhost:8761 failed: Connection refused
servicio-pagos  | 2026-06-07T11:42:00.363Z ERROR 1 --- [servicio-pagos] [beatExecutor-%d] com.netflix.discovery.DiscoveryClient    : DiscoveryClient_SERVICIO-PAGOS/07e9a31ce37f:servicio-pagos:8085 - was unable to send heartbeat!
servicio-pagos  | 
servicio-pagos  | com.netflix.discovery.shared.transport.TransportException: Cannot execute request on any known server
servicio-pagos  | 	at com.netflix.discovery.shared.transport.decorator.RetryableEurekaHttpClient.execute(RetryableEurekaHttpClient.java:112) ~[eureka-client-2.0.5.jar!/:2.0.5]
servicio-pagos  | 	at com.netflix.discovery.shared.transport.decorator.EurekaHttpClientDecorator.sendHeartBeat(EurekaHttpClientDecorator.java:89) ~[eureka-client-2.0.5.jar!/:2.0.5]
servicio-pagos  | 	at com.netflix.discovery.shared.transport.decorator.EurekaHttpClientDecorator$3.execute(EurekaHttpClientDecorator.java:92) ~[eureka-client-2.0.5.jar!/:2.0.5]
servicio-pagos  | 	at com.netflix.discovery.shared.transport.decorator.SessionedEurekaHttpClient.execute(SessionedEurekaHttpClient.java:76) ~[eureka-client-2.0.5.jar!/:2.0.5]
servicio-pagos  | 	at com.netflix.discovery.shared.transport.decorator.EurekaHttpClientDecorator.sendHeartBeat(EurekaHttpClientDecorator.java:89) ~[eureka-client-2.0.5.jar!/:2.0.5]
servicio-pagos  | 	at com.netflix.discovery.DiscoveryClient.renew(DiscoveryClient.java:845) ~[eureka-client-2.0.5.jar!/:2.0.5]
servicio-pagos  | 	at com.netflix.discovery.DiscoveryClient$HeartbeatThread.run(DiscoveryClient.java:1403) ~[eureka-client-2.0.5.jar!/:2.0.5]
servicio-pagos  | 	at java.base/java.util.concurrent.Executors$RunnableAdapter.call(Executors.java:572) ~[na:na]
servicio-pagos  | 	at java.base/java.util.concurrent.FutureTask.run(FutureTask.java:317) ~[na:na]
servicio-pagos  | 	at java.base/java.util.concurrent.ThreadPoolExecutor.runWorker(ThreadPoolExecutor.java:1144) ~[na:na]
servicio-pagos  | 	at java.base/java.util.concurrent.ThreadPoolExecutor$Worker.run(ThreadPoolExecutor.java:642) ~[na:na]
servicio-pagos  | 	at java.base/java.lang.Thread.run(Thread.java:1583) ~[na:na]
servicio-pagos  | 
servicio-pagos  | 2026-06-07T11:42:00.846Z  INFO 1 --- [servicio-pagos] [foReplicator-%d] com.netflix.discovery.DiscoveryClient    : DiscoveryClient_SERVICIO-PAGOS/07e9a31ce37f:servicio-pagos:8085: registering service...
servicio-pagos  | 2026-06-07T11:42:00.858Z  INFO 1 --- [servicio-pagos] [foReplicator-%d] c.n.d.s.t.d.RedirectingEurekaHttpClient  : Request execution error. endpoint=DefaultEndpoint{ serviceUrl='http://localhost:8761/eureka/}, exception=I/O error on POST request for "http://localhost:8761/eureka/apps/SERVICIO-PAGOS": Connect to http://localhost:8761 failed: Connection refused stacktrace=org.springframework.web.client.ResourceAccessException: I/O error on POST request for "http://localhost:8761/eureka/apps/SERVICIO-PAGOS": Connect to http://localhost:8761 failed: Connection refused
servicio-pagos  | 	at org.springframework.web.client.DefaultRestClient$DefaultRequestBodyUriSpec.createResourceAccessException(DefaultRestClient.java:779)
servicio-pagos  | 	at org.springframework.web.client.DefaultRestClient$DefaultRequestBodyUriSpec.exchangeInternal(DefaultRestClient.java:624)
servicio-pagos  | 	at org.springframework.web.client.DefaultRestClient$DefaultRequestBodyUriSpec.exchange(DefaultRestClient.java:572)
servicio-pagos  | 	at org.springframework.web.client.RestClient$RequestHeadersSpec.exchange(RestClient.java:747)
servicio-pagos  | 	at org.springframework.web.client.DefaultRestClient$DefaultResponseSpec.executeAndExtract(DefaultRestClient.java:924)
servicio-pagos  | 	at org.springframework.web.client.DefaultRestClient$DefaultResponseSpec.toBodilessEntity(DefaultRestClient.java:888)
servicio-pagos  | 	at org.springframework.cloud.netflix.eureka.http.RestClientEurekaHttpClient.register(RestClientEurekaHttpClient.java:64)
servicio-pagos  | 	at com.netflix.discovery.shared.transport.decorator.EurekaHttpClientDecorator$1.execute(EurekaHttpClientDecorator.java:59)
servicio-pagos  | 	at com.netflix.discovery.shared.transport.decorator.RedirectingEurekaHttpClient.executeOnNewServer(RedirectingEurekaHttpClient.java:121)
servicio-pagos  | 	at com.netflix.discovery.shared.transport.decorator.RedirectingEurekaHttpClient.execute(RedirectingEurekaHttpClient.java:80)
servicio-pagos  | 	at com.netflix.discovery.shared.transport.decorator.EurekaHttpClientDecorator.register(EurekaHttpClientDecorator.java:56)
servicio-pagos  | 	at com.netflix.discovery.shared.transport.decorator.EurekaHttpClientDecorator$1.execute(EurekaHttpClientDecorator.java:59)
servicio-pagos  | 	at com.netflix.discovery.shared.transport.decorator.RetryableEurekaHttpClient.execute(RetryableEurekaHttpClient.java:120)
servicio-pagos  | 	at com.netflix.discovery.shared.transport.decorator.EurekaHttpClientDecorator.register(EurekaHttpClientDecorator.java:56)
servicio-pagos  | 	at com.netflix.discovery.shared.transport.decorator.EurekaHttpClientDecorator$1.execute(EurekaHttpClientDecorator.java:59)
servicio-pagos  | 	at com.netflix.discovery.shared.transport.decorator.SessionedEurekaHttpClient.execute(SessionedEurekaHttpClient.java:76)
servicio-pagos  | 	at com.netflix.discovery.shared.transport.decorator.EurekaHttpClientDecorator.register(EurekaHttpClientDecorator.java:56)
servicio-pagos  | 	at com.netflix.discovery.DiscoveryClient.register(DiscoveryClient.java:828)
servicio-pagos  | 	at com.netflix.discovery.InstanceInfoReplicator.run(InstanceInfoReplicator.java:125)
servicio-pagos  | 	at java.base/java.util.concurrent.Executors$RunnableAdapter.call(Executors.java:572)
servicio-pagos  | 	at java.base/java.util.concurrent.FutureTask.run(FutureTask.java:317)
servicio-pagos  | 	at java.base/java.util.concurrent.ScheduledThreadPoolExecutor$ScheduledFutureTask.run(ScheduledThreadPoolExecutor.java:304)
servicio-pagos  | 	at java.base/java.util.concurrent.ThreadPoolExecutor.runWorker(ThreadPoolExecutor.java:1144)
servicio-pagos  | 	at java.base/java.util.concurrent.ThreadPoolExecutor$Worker.run(ThreadPoolExecutor.java:642)
servicio-pagos  | 	at java.base/java.lang.Thread.run(Thread.java:1583)
servicio-pagos  | Caused by: org.apache.hc.client5.http.HttpHostConnectException: Connect to http://localhost:8761 failed: Connection refused
servicio-pagos  | 	at java.base/sun.nio.ch.Net.pollConnect(Native Method)
servicio-pagos  | 	at java.base/sun.nio.ch.Net.pollConnectNow(Net.java:694)
servicio-pagos  | 	at java.base/sun.nio.ch.NioSocketImpl.timedFinishConnect(NioSocketImpl.java:542)
servicio-pagos  | 	at java.base/sun.nio.ch.NioSocketImpl.connect(NioSocketImpl.java:592)
servicio-pagos  | 	at java.base/java.net.SocksSocketImpl.connect(SocksSocketImpl.java:327)
servicio-pagos  | 	at java.base/java.net.Socket.connect(Socket.java:751)
servicio-pagos  | 	at org.apache.hc.client5.http.impl.io.DefaultHttpClientConnectionOperator.connect(DefaultHttpClientConnectionOperator.java:226)
servicio-pagos  | 	at org.apache.hc.client5.http.impl.io.PoolingHttpClientConnectionManager.connect(PoolingHttpClientConnectionManager.java:497)
servicio-pagos  | 	at org.apache.hc.client5.http.impl.classic.InternalExecRuntime.connectEndpoint(InternalExecRuntime.java:164)
servicio-pagos  | 	at org.apache.hc.client5.http.impl.classic.InternalExecRuntime.connectEndpoint(InternalExecRuntime.java:174)
servicio-pagos  | 	at org.apache.hc.client5.http.impl.classic.ConnectExec.execute(ConnectExec.java:144)
servicio-pagos  | 	at org.apache.hc.client5.http.impl.classic.ExecChainElement.execute(ExecChainElement.java:51)
servicio-pagos  | 	at org.apache.hc.client5.http.impl.classic.ProtocolExec.execute(ProtocolExec.java:195)
servicio-pagos  | 	at org.apache.hc.client5.http.impl.classic.ExecChainElement.execute(ExecChainElement.java:51)
servicio-pagos  | 	at org.apache.hc.client5.http.impl.classic.ContentCompressionExec.execute(ContentCompressionExec.java:168)
servicio-pagos  | 	at org.apache.hc.client5.http.impl.classic.ExecChainElement.execute(ExecChainElement.java:51)
servicio-pagos  | 	at org.apache.hc.client5.http.impl.classic.HttpRequestRetryExec.execute(HttpRequestRetryExec.java:112)
servicio-pagos  | 	at org.apache.hc.client5.http.impl.classic.ExecChainElement.execute(ExecChainElement.java:51)
servicio-pagos  | 	at org.apache.hc.client5.http.impl.classic.RedirectExec.execute(RedirectExec.java:110)
servicio-pagos  | 	at org.apache.hc.client5.http.impl.classic.ExecChainElement.execute(ExecChainElement.java:51)
servicio-pagos  | 	at org.apache.hc.client5.http.impl.classic.InternalHttpClient.doExecute(InternalHttpClient.java:185)
servicio-pagos  | 	at org.apache.hc.client5.http.impl.classic.CloseableHttpClient.execute(CloseableHttpClient.java:87)
servicio-pagos  | 	at org.apache.hc.client5.http.impl.classic.CloseableHttpClient.execute(CloseableHttpClient.java:55)
servicio-pagos  | 	at org.apache.hc.client5.http.classic.HttpClient.executeOpen(HttpClient.java:183)
servicio-pagos  | 	at org.springframework.http.client.HttpComponentsClientHttpRequest.executeInternal(HttpComponentsClientHttpRequest.java:99)
servicio-pagos  | 	at org.springframework.http.client.AbstractStreamingClientHttpRequest.executeInternal(AbstractStreamingClientHttpRequest.java:87)
servicio-pagos  | 	at org.springframework.http.client.AbstractClientHttpRequest.execute(AbstractClientHttpRequest.java:80)
servicio-pagos  | 	at org.springframework.http.client.AbstractBufferingClientHttpRequest.executeWithRequestAndBody(AbstractBufferingClientHttpRequest.java:89)
servicio-pagos  | 	at org.springframework.http.client.InterceptingClientHttpRequest$EndOfChainRequestExecution.execute(InterceptingClientHttpRequest.java:102)
servicio-pagos  | 	at org.springframework.cloud.netflix.eureka.http.RestClientTransportClientFactory.lambda$newClient$2(RestClientTransportClientFactory.java:98)
servicio-pagos  | 	at org.springframework.http.client.ClientHttpRequestInterceptor.lambda$apply$0(ClientHttpRequestInterceptor.java:89)
servicio-pagos  | 	at org.springframework.http.client.InterceptingClientHttpRequest.executeInternal(InterceptingClientHttpRequest.java:73)
servicio-pagos  | 	at org.springframework.http.client.AbstractBufferingClientHttpRequest.executeInternal(AbstractBufferingClientHttpRequest.java:50)
servicio-pagos  | 	at org.springframework.http.client.AbstractClientHttpRequest.execute(AbstractClientHttpRequest.java:80)
servicio-pagos  | 	at org.springframework.web.client.DefaultRestClient$DefaultRequestBodyUriSpec.exchangeInternal(DefaultRestClient.java:614)
servicio-pagos  | 	... 23 more
servicio-pagos  | 
servicio-pagos  | 2026-06-07T11:42:00.858Z  WARN 1 --- [servicio-pagos] [foReplicator-%d] c.n.d.s.t.d.RetryableEurekaHttpClient    : Request execution failed with message: I/O error on POST request for "http://localhost:8761/eureka/apps/SERVICIO-PAGOS": Connect to http://localhost:8761 failed: Connection refused
servicio-pagos  | 2026-06-07T11:42:00.858Z  WARN 1 --- [servicio-pagos] [foReplicator-%d] com.netflix.discovery.DiscoveryClient    : DiscoveryClient_SERVICIO-PAGOS/07e9a31ce37f:servicio-pagos:8085 - registration failed Cannot execute request on any known server
servicio-pagos  | 
servicio-pagos  | com.netflix.discovery.shared.transport.TransportException: Cannot execute request on any known server
servicio-pagos  | 	at com.netflix.discovery.shared.transport.decorator.RetryableEurekaHttpClient.execute(RetryableEurekaHttpClient.java:112) ~[eureka-client-2.0.5.jar!/:2.0.5]
servicio-pagos  | 	at com.netflix.discovery.shared.transport.decorator.EurekaHttpClientDecorator.register(EurekaHttpClientDecorator.java:56) ~[eureka-client-2.0.5.jar!/:2.0.5]
servicio-pagos  | 	at com.netflix.discovery.shared.transport.decorator.EurekaHttpClientDecorator$1.execute(EurekaHttpClientDecorator.java:59) ~[eureka-client-2.0.5.jar!/:2.0.5]
servicio-pagos  | 	at com.netflix.discovery.shared.transport.decorator.SessionedEurekaHttpClient.execute(SessionedEurekaHttpClient.java:76) ~[eureka-client-2.0.5.jar!/:2.0.5]
servicio-pagos  | 	at com.netflix.discovery.shared.transport.decorator.EurekaHttpClientDecorator.register(EurekaHttpClientDecorator.java:56) ~[eureka-client-2.0.5.jar!/:2.0.5]
servicio-pagos  | 	at com.netflix.discovery.DiscoveryClient.register(DiscoveryClient.java:828) ~[eureka-client-2.0.5.jar!/:2.0.5]
servicio-pagos  | 	at com.netflix.discovery.InstanceInfoReplicator.run(InstanceInfoReplicator.java:125) ~[eureka-client-2.0.5.jar!/:2.0.5]
servicio-pagos  | 	at java.base/java.util.concurrent.Executors$RunnableAdapter.call(Executors.java:572) ~[na:na]
servicio-pagos  | 	at java.base/java.util.concurrent.FutureTask.run(FutureTask.java:317) ~[na:na]
servicio-pagos  | 	at java.base/java.util.concurrent.ScheduledThreadPoolExecutor$ScheduledFutureTask.run(ScheduledThreadPoolExecutor.java:304) ~[na:na]
servicio-pagos  | 	at java.base/java.util.concurrent.ThreadPoolExecutor.runWorker(ThreadPoolExecutor.java:1144) ~[na:na]
servicio-pagos  | 	at java.base/java.util.concurrent.ThreadPoolExecutor$Worker.run(ThreadPoolExecutor.java:642) ~[na:na]
servicio-pagos  | 	at java.base/java.lang.Thread.run(Thread.java:1583) ~[na:na]
servicio-pagos  | 
servicio-pagos  | 2026-06-07T11:42:00.858Z  WARN 1 --- [servicio-pagos] [foReplicator-%d] c.n.discovery.InstanceInfoReplicator     : There was a problem with the instance info replicator
servicio-pagos  | 
servicio-pagos  | com.netflix.discovery.shared.transport.TransportException: Cannot execute request on any known server
servicio-pagos  | 	at com.netflix.discovery.shared.transport.decorator.RetryableEurekaHttpClient.execute(RetryableEurekaHttpClient.java:112) ~[eureka-client-2.0.5.jar!/:2.0.5]
servicio-pagos  | 	at com.netflix.discovery.shared.transport.decorator.EurekaHttpClientDecorator.register(EurekaHttpClientDecorator.java:56) ~[eureka-client-2.0.5.jar!/:2.0.5]
servicio-pagos  | 	at com.netflix.discovery.shared.transport.decorator.EurekaHttpClientDecorator$1.execute(EurekaHttpClientDecorator.java:59) ~[eureka-client-2.0.5.jar!/:2.0.5]
servicio-pagos  | 	at com.netflix.discovery.shared.transport.decorator.SessionedEurekaHttpClient.execute(SessionedEurekaHttpClient.java:76) ~[eureka-client-2.0.5.jar!/:2.0.5]
servicio-pagos  | 	at com.netflix.discovery.shared.transport.decorator.EurekaHttpClientDecorator.register(EurekaHttpClientDecorator.java:56) ~[eureka-client-2.0.5.jar!/:2.0.5]
servicio-pagos  | 	at com.netflix.discovery.DiscoveryClient.register(DiscoveryClient.java:828) ~[eureka-client-2.0.5.jar!/:2.0.5]
servicio-pagos  | 	at com.netflix.discovery.InstanceInfoReplicator.run(InstanceInfoReplicator.java:125) ~[eureka-client-2.0.5.jar!/:2.0.5]
servicio-pagos  | 	at java.base/java.util.concurrent.Executors$RunnableAdapter.call(Executors.java:572) ~[na:na]
servicio-pagos  | 	at java.base/java.util.concurrent.FutureTask.run(FutureTask.java:317) ~[na:na]
servicio-pagos  | 	at java.base/java.util.concurrent.ScheduledThreadPoolExecutor$ScheduledFutureTask.run(ScheduledThreadPoolExecutor.java:304) ~[na:na]
servicio-pagos  | 	at java.base/java.util.concurrent.ThreadPoolExecutor.runWorker(ThreadPoolExecutor.java:1144) ~[na:na]
servicio-pagos  | 	at java.base/java.util.concurrent.ThreadPoolExecutor$Worker.run(ThreadPoolExecutor.java:642) ~[na:na]
servicio-pagos  | 	at java.base/java.lang.Thread.run(Thread.java:1583) ~[na:na]
servicio-pagos  | 
servicio-pagos  | 2026-06-07T11:42:30.361Z  INFO 1 --- [servicio-pagos] [reshExecutor-%d] com.netflix.discovery.DiscoveryClient    : Disable delta property : false
servicio-pagos  | 2026-06-07T11:42:30.362Z  INFO 1 --- [servicio-pagos] [reshExecutor-%d] com.netflix.discovery.DiscoveryClient    : Single vip registry refresh property : null
servicio-pagos  | 2026-06-07T11:42:30.362Z  INFO 1 --- [servicio-pagos] [reshExecutor-%d] com.netflix.discovery.DiscoveryClient    : Force full registry fetch : false
servicio-pagos  | 2026-06-07T11:42:30.362Z  INFO 1 --- [servicio-pagos] [reshExecutor-%d] com.netflix.discovery.DiscoveryClient    : Application is null : false
servicio-pagos  | 2026-06-07T11:42:30.362Z  INFO 1 --- [servicio-pagos] [reshExecutor-%d] com.netflix.discovery.DiscoveryClient    : Registered Applications size is zero : true
servicio-pagos  | 2026-06-07T11:42:30.362Z  INFO 1 --- [servicio-pagos] [reshExecutor-%d] com.netflix.discovery.DiscoveryClient    : Application version is -1: true
servicio-pagos  | 2026-06-07T11:42:30.362Z  INFO 1 --- [servicio-pagos] [reshExecutor-%d] com.netflix.discovery.DiscoveryClient    : Getting all instance registry info from the eureka server
servicio-pagos  | 2026-06-07T11:42:30.369Z  INFO 1 --- [servicio-pagos] [reshExecutor-%d] c.n.d.s.t.d.RedirectingEurekaHttpClient  : Request execution error. endpoint=DefaultEndpoint{ serviceUrl='http://localhost:8761/eureka/}, exception=I/O error on GET request for "http://localhost:8761/eureka/apps/": Connect to http://localhost:8761 failed: Connection refused stacktrace=org.springframework.web.client.ResourceAccessException: I/O error on GET request for "http://localhost:8761/eureka/apps/": Connect to http://localhost:8761 failed: Connection refused
servicio-pagos  | 	at org.springframework.web.client.DefaultRestClient$DefaultRequestBodyUriSpec.createResourceAccessException(DefaultRestClient.java:779)
servicio-pagos  | 	at org.springframework.web.client.DefaultRestClient$DefaultRequestBodyUriSpec.exchangeInternal(DefaultRestClient.java:624)
servicio-pagos  | 	at org.springframework.web.client.DefaultRestClient$DefaultRequestBodyUriSpec.exchange(DefaultRestClient.java:572)
servicio-pagos  | 	at org.springframework.web.client.RestClient$RequestHeadersSpec.exchange(RestClient.java:747)
servicio-pagos  | 	at org.springframework.web.client.DefaultRestClient$DefaultResponseSpec.executeAndExtract(DefaultRestClient.java:924)
servicio-pagos  | 	at org.springframework.web.client.DefaultRestClient$DefaultResponseSpec.toEntityInternal(DefaultRestClient.java:870)
servicio-pagos  | 	at org.springframework.web.client.DefaultRestClient$DefaultResponseSpec.toEntity(DefaultRestClient.java:859)
servicio-pagos  | 	at org.springframework.cloud.netflix.eureka.http.RestClientEurekaHttpClient.getApplicationsInternal(RestClientEurekaHttpClient.java:201)
servicio-pagos  | 	at org.springframework.cloud.netflix.eureka.http.RestClientEurekaHttpClient.getApplications(RestClientEurekaHttpClient.java:137)
servicio-pagos  | 	at com.netflix.discovery.shared.transport.decorator.EurekaHttpClientDecorator$6.execute(EurekaHttpClientDecorator.java:137)
servicio-pagos  | 	at com.netflix.discovery.shared.transport.decorator.RedirectingEurekaHttpClient.executeOnNewServer(RedirectingEurekaHttpClient.java:121)
servicio-pagos  | 	at com.netflix.discovery.shared.transport.decorator.RedirectingEurekaHttpClient.execute(RedirectingEurekaHttpClient.java:80)
servicio-pagos  | 	at com.netflix.discovery.shared.transport.decorator.EurekaHttpClientDecorator.getApplications(EurekaHttpClientDecorator.java:134)
servicio-pagos  | 	at com.netflix.discovery.shared.transport.decorator.EurekaHttpClientDecorator$6.execute(EurekaHttpClientDecorator.java:137)
servicio-pagos  | 	at com.netflix.discovery.shared.transport.decorator.RetryableEurekaHttpClient.execute(RetryableEurekaHttpClient.java:120)
servicio-pagos  | 	at com.netflix.discovery.shared.transport.decorator.EurekaHttpClientDecorator.getApplications(EurekaHttpClientDecorator.java:134)
servicio-pagos  | 	at com.netflix.discovery.shared.transport.decorator.EurekaHttpClientDecorator$6.execute(EurekaHttpClientDecorator.java:137)
servicio-pagos  | 	at com.netflix.discovery.shared.transport.decorator.SessionedEurekaHttpClient.execute(SessionedEurekaHttpClient.java:76)
servicio-pagos  | 	at com.netflix.discovery.shared.transport.decorator.EurekaHttpClientDecorator.getApplications(EurekaHttpClientDecorator.java:134)
servicio-pagos  | 	at com.netflix.discovery.DiscoveryClient.getAndStoreFullRegistry(DiscoveryClient.java:1046)
servicio-pagos  | 	at com.netflix.discovery.DiscoveryClient.fetchRegistry(DiscoveryClient.java:961)
servicio-pagos  | 	at com.netflix.discovery.DiscoveryClient.refreshRegistry(DiscoveryClient.java:1474)
servicio-pagos  | 	at com.netflix.discovery.DiscoveryClient$CacheRefreshThread.run(DiscoveryClient.java:1442)
servicio-pagos  | 	at java.base/java.util.concurrent.Executors$RunnableAdapter.call(Executors.java:572)
servicio-pagos  | 	at java.base/java.util.concurrent.FutureTask.run(FutureTask.java:317)
servicio-pagos  | 	at java.base/java.util.concurrent.ThreadPoolExecutor.runWorker(ThreadPoolExecutor.java:1144)
servicio-pagos  | 	at java.base/java.util.concurrent.ThreadPoolExecutor$Worker.run(ThreadPoolExecutor.java:642)
servicio-pagos  | 	at java.base/java.lang.Thread.run(Thread.java:1583)
servicio-pagos  | Caused by: org.apache.hc.client5.http.HttpHostConnectException: Connect to http://localhost:8761 failed: Connection refused
servicio-pagos  | 	at java.base/sun.nio.ch.Net.pollConnect(Native Method)
servicio-pagos  | 	at java.base/sun.nio.ch.Net.pollConnectNow(Net.java:694)
servicio-pagos  | 	at java.base/sun.nio.ch.NioSocketImpl.timedFinishConnect(NioSocketImpl.java:542)
servicio-pagos  | 	at java.base/sun.nio.ch.NioSocketImpl.connect(NioSocketImpl.java:592)
servicio-pagos  | 	at java.base/java.net.SocksSocketImpl.connect(SocksSocketImpl.java:327)
servicio-pagos  | 	at java.base/java.net.Socket.connect(Socket.java:751)
servicio-pagos  | 	at org.apache.hc.client5.http.impl.io.DefaultHttpClientConnectionOperator.connect(DefaultHttpClientConnectionOperator.java:226)
servicio-pagos  | 	at org.apache.hc.client5.http.impl.io.PoolingHttpClientConnectionManager.connect(PoolingHttpClientConnectionManager.java:497)
servicio-pagos  | 	at org.apache.hc.client5.http.impl.classic.InternalExecRuntime.connectEndpoint(InternalExecRuntime.java:164)
servicio-pagos  | 	at org.apache.hc.client5.http.impl.classic.InternalExecRuntime.connectEndpoint(InternalExecRuntime.java:174)
servicio-pagos  | 	at org.apache.hc.client5.http.impl.classic.ConnectExec.execute(ConnectExec.java:144)
servicio-pagos  | 	at org.apache.hc.client5.http.impl.classic.ExecChainElement.execute(ExecChainElement.java:51)
servicio-pagos  | 	at org.apache.hc.client5.http.impl.classic.ProtocolExec.execute(ProtocolExec.java:195)
servicio-pagos  | 	at org.apache.hc.client5.http.impl.classic.ExecChainElement.execute(ExecChainElement.java:51)
servicio-pagos  | 	at org.apache.hc.client5.http.impl.classic.ContentCompressionExec.execute(ContentCompressionExec.java:168)
servicio-pagos  | 	at org.apache.hc.client5.http.impl.classic.ExecChainElement.execute(ExecChainElement.java:51)
servicio-pagos  | 	at org.apache.hc.client5.http.impl.classic.HttpRequestRetryExec.execute(HttpRequestRetryExec.java:112)
servicio-pagos  | 	at org.apache.hc.client5.http.impl.classic.ExecChainElement.execute(ExecChainElement.java:51)
servicio-pagos  | 	at org.apache.hc.client5.http.impl.classic.RedirectExec.execute(RedirectExec.java:110)
servicio-pagos  | 	at org.apache.hc.client5.http.impl.classic.ExecChainElement.execute(ExecChainElement.java:51)
servicio-pagos  | 	at org.apache.hc.client5.http.impl.classic.InternalHttpClient.doExecute(InternalHttpClient.java:185)
servicio-pagos  | 	at org.apache.hc.client5.http.impl.classic.CloseableHttpClient.execute(CloseableHttpClient.java:87)
servicio-pagos  | 	at org.apache.hc.client5.http.impl.classic.CloseableHttpClient.execute(CloseableHttpClient.java:55)
servicio-pagos  | 	at org.apache.hc.client5.http.classic.HttpClient.executeOpen(HttpClient.java:183)
servicio-pagos  | 	at org.springframework.http.client.HttpComponentsClientHttpRequest.executeInternal(HttpComponentsClientHttpRequest.java:99)
servicio-pagos  | 	at org.springframework.http.client.AbstractStreamingClientHttpRequest.executeInternal(AbstractStreamingClientHttpRequest.java:87)
servicio-pagos  | 	at org.springframework.http.client.AbstractClientHttpRequest.execute(AbstractClientHttpRequest.java:80)
servicio-pagos  | 	at org.springframework.http.client.AbstractBufferingClientHttpRequest.executeWithRequestAndBody(AbstractBufferingClientHttpRequest.java:89)
servicio-pagos  | 	at org.springframework.http.client.InterceptingClientHttpRequest$EndOfChainRequestExecution.execute(InterceptingClientHttpRequest.java:102)
servicio-pagos  | 	at org.springframework.cloud.netflix.eureka.http.RestClientTransportClientFactory.lambda$newClient$2(RestClientTransportClientFactory.java:98)
servicio-pagos  | 	at org.springframework.http.client.ClientHttpRequestInterceptor.lambda$apply$0(ClientHttpRequestInterceptor.java:89)
servicio-pagos  | 	at org.springframework.http.client.InterceptingClientHttpRequest.executeInternal(InterceptingClientHttpRequest.java:73)
servicio-pagos  | 	at org.springframework.http.client.AbstractBufferingClientHttpRequest.executeInternal(AbstractBufferingClientHttpRequest.java:50)
servicio-pagos  | 	at org.springframework.http.client.AbstractClientHttpRequest.execute(AbstractClientHttpRequest.java:80)
servicio-pagos  | 	at org.springframework.web.client.DefaultRestClient$DefaultRequestBodyUriSpec.exchangeInternal(DefaultRestClient.java:614)
servicio-pagos  | 	... 26 more
servicio-pagos  | 
servicio-pagos  | 2026-06-07T11:42:30.369Z  INFO 1 --- [servicio-pagos] [beatExecutor-%d] c.n.d.s.t.d.RedirectingEurekaHttpClient  : Request execution error. endpoint=DefaultEndpoint{ serviceUrl='http://localhost:8761/eureka/}, exception=I/O error on PUT request for "http://localhost:8761/eureka/apps/SERVICIO-PAGOS/07e9a31ce37f:servicio-pagos:8085": Connect to http://localhost:8761 failed: Connection refused stacktrace=org.springframework.web.client.ResourceAccessException: I/O error on PUT request for "http://localhost:8761/eureka/apps/SERVICIO-PAGOS/07e9a31ce37f:servicio-pagos:8085": Connect to http://localhost:8761 failed: Connection refused
servicio-pagos  | 	at org.springframework.web.client.DefaultRestClient$DefaultRequestBodyUriSpec.createResourceAccessException(DefaultRestClient.java:779)
servicio-pagos  | 	at org.springframework.web.client.DefaultRestClient$DefaultRequestBodyUriSpec.exchangeInternal(DefaultRestClient.java:624)
servicio-pagos  | 	at org.springframework.web.client.DefaultRestClient$DefaultRequestBodyUriSpec.exchange(DefaultRestClient.java:572)
servicio-pagos  | 	at org.springframework.web.client.RestClient$RequestHeadersSpec.exchange(RestClient.java:747)
servicio-pagos  | 	at org.springframework.web.client.DefaultRestClient$DefaultResponseSpec.executeAndExtract(DefaultRestClient.java:924)
servicio-pagos  | 	at org.springframework.web.client.DefaultRestClient$DefaultResponseSpec.toEntityInternal(DefaultRestClient.java:870)
servicio-pagos  | 	at org.springframework.web.client.DefaultRestClient$DefaultResponseSpec.toEntity(DefaultRestClient.java:859)
servicio-pagos  | 	at org.springframework.cloud.netflix.eureka.http.RestClientEurekaHttpClient.sendHeartBeat(RestClientEurekaHttpClient.java:91)
servicio-pagos  | 	at com.netflix.discovery.shared.transport.decorator.EurekaHttpClientDecorator$3.execute(EurekaHttpClientDecorator.java:92)
servicio-pagos  | 	at com.netflix.discovery.shared.transport.decorator.RedirectingEurekaHttpClient.executeOnNewServer(RedirectingEurekaHttpClient.java:121)
servicio-pagos  | 	at com.netflix.discovery.shared.transport.decorator.RedirectingEurekaHttpClient.execute(RedirectingEurekaHttpClient.java:80)
servicio-pagos  | 	at com.netflix.discovery.shared.transport.decorator.EurekaHttpClientDecorator.sendHeartBeat(EurekaHttpClientDecorator.java:89)
servicio-pagos  | 	at com.netflix.discovery.shared.transport.decorator.EurekaHttpClientDecorator$3.execute(EurekaHttpClientDecorator.java:92)
servicio-pagos  | 	at com.netflix.discovery.shared.transport.decorator.RetryableEurekaHttpClient.execute(RetryableEurekaHttpClient.java:120)
servicio-pagos  | 	at com.netflix.discovery.shared.transport.decorator.EurekaHttpClientDecorator.sendHeartBeat(EurekaHttpClientDecorator.java:89)
servicio-pagos  | 	at com.netflix.discovery.shared.transport.decorator.EurekaHttpClientDecorator$3.execute(EurekaHttpClientDecorator.java:92)
servicio-pagos  | 	at com.netflix.discovery.shared.transport.decorator.SessionedEurekaHttpClient.execute(SessionedEurekaHttpClient.java:76)
servicio-pagos  | 	at com.netflix.discovery.shared.transport.decorator.EurekaHttpClientDecorator.sendHeartBeat(EurekaHttpClientDecorator.java:89)
servicio-pagos  | 	at com.netflix.discovery.DiscoveryClient.renew(DiscoveryClient.java:845)
servicio-pagos  | 	at com.netflix.discovery.DiscoveryClient$HeartbeatThread.run(DiscoveryClient.java:1403)
servicio-pagos  | 	at java.base/java.util.concurrent.Executors$RunnableAdapter.call(Executors.java:572)
servicio-pagos  | 	at java.base/java.util.concurrent.FutureTask.run(FutureTask.java:317)
servicio-pagos  | 	at java.base/java.util.concurrent.ThreadPoolExecutor.runWorker(ThreadPoolExecutor.java:1144)
servicio-pagos  | 	at java.base/java.util.concurrent.ThreadPoolExecutor$Worker.run(ThreadPoolExecutor.java:642)
servicio-pagos  | 	at java.base/java.lang.Thread.run(Thread.java:1583)
servicio-pagos  | Caused by: org.apache.hc.client5.http.HttpHostConnectException: Connect to http://localhost:8761 failed: Connection refused
servicio-pagos  | 	at java.base/sun.nio.ch.Net.pollConnect(Native Method)
servicio-pagos  | 	at java.base/sun.nio.ch.Net.pollConnectNow(Net.java:694)
servicio-pagos  | 	at java.base/sun.nio.ch.NioSocketImpl.timedFinishConnect(NioSocketImpl.java:542)
servicio-pagos  | 	at java.base/sun.nio.ch.NioSocketImpl.connect(NioSocketImpl.java:592)
servicio-pagos  | 	at java.base/java.net.SocksSocketImpl.connect(SocksSocketImpl.java:327)
servicio-pagos  | 	at java.base/java.net.Socket.connect(Socket.java:751)
servicio-pagos  | 	at org.apache.hc.client5.http.impl.io.DefaultHttpClientConnectionOperator.connect(DefaultHttpClientConnectionOperator.java:226)
servicio-pagos  | 	at org.apache.hc.client5.http.impl.io.PoolingHttpClientConnectionManager.connect(PoolingHttpClientConnectionManager.java:497)
servicio-pagos  | 	at org.apache.hc.client5.http.impl.classic.InternalExecRuntime.connectEndpoint(InternalExecRuntime.java:164)
servicio-pagos  | 	at org.apache.hc.client5.http.impl.classic.InternalExecRuntime.connectEndpoint(InternalExecRuntime.java:174)
servicio-pagos  | 	at org.apache.hc.client5.http.impl.classic.ConnectExec.execute(ConnectExec.java:144)
servicio-pagos  | 	at org.apache.hc.client5.http.impl.classic.ExecChainElement.execute(ExecChainElement.java:51)
servicio-pagos  | 	at org.apache.hc.client5.http.impl.classic.ProtocolExec.execute(ProtocolExec.java:195)
servicio-pagos  | 	at org.apache.hc.client5.http.impl.classic.ExecChainElement.execute(ExecChainElement.java:51)
servicio-pagos  | 	at org.apache.hc.client5.http.impl.classic.ContentCompressionExec.execute(ContentCompressionExec.java:168)
servicio-pagos  | 	at org.apache.hc.client5.http.impl.classic.ExecChainElement.execute(ExecChainElement.java:51)
servicio-pagos  | 	at org.apache.hc.client5.http.impl.classic.HttpRequestRetryExec.execute(HttpRequestRetryExec.java:112)
servicio-pagos  | 	at org.apache.hc.client5.http.impl.classic.ExecChainElement.execute(ExecChainElement.java:51)
servicio-pagos  | 	at org.apache.hc.client5.http.impl.classic.RedirectExec.execute(RedirectExec.java:110)
servicio-pagos  | 	at org.apache.hc.client5.http.impl.classic.ExecChainElement.execute(ExecChainElement.java:51)
servicio-pagos  | 	at org.apache.hc.client5.http.impl.classic.InternalHttpClient.doExecute(InternalHttpClient.java:185)
servicio-pagos  | 	at org.apache.hc.client5.http.impl.classic.CloseableHttpClient.execute(CloseableHttpClient.java:87)
servicio-pagos  | 	at org.apache.hc.client5.http.impl.classic.CloseableHttpClient.execute(CloseableHttpClient.java:55)
servicio-pagos  | 	at org.apache.hc.client5.http.classic.HttpClient.executeOpen(HttpClient.java:183)
servicio-pagos  | 	at org.springframework.http.client.HttpComponentsClientHttpRequest.executeInternal(HttpComponentsClientHttpRequest.java:99)
servicio-pagos  | 	at org.springframework.http.client.AbstractStreamingClientHttpRequest.executeInternal(AbstractStreamingClientHttpRequest.java:87)
servicio-pagos  | 	at org.springframework.http.client.AbstractClientHttpRequest.execute(AbstractClientHttpRequest.java:80)
servicio-pagos  | 	at org.springframework.http.client.AbstractBufferingClientHttpRequest.executeWithRequestAndBody(AbstractBufferingClientHttpRequest.java:89)
servicio-pagos  | 	at org.springframework.http.client.InterceptingClientHttpRequest$EndOfChainRequestExecution.execute(InterceptingClientHttpRequest.java:102)
servicio-pagos  | 	at org.springframework.cloud.netflix.eureka.http.RestClientTransportClientFactory.lambda$newClient$2(RestClientTransportClientFactory.java:98)
servicio-pagos  | 	at org.springframework.http.client.ClientHttpRequestInterceptor.lambda$apply$0(ClientHttpRequestInterceptor.java:89)
servicio-pagos  | 	at org.springframework.http.client.InterceptingClientHttpRequest.executeInternal(InterceptingClientHttpRequest.java:73)
servicio-pagos  | 	at org.springframework.http.client.AbstractBufferingClientHttpRequest.executeInternal(AbstractBufferingClientHttpRequest.java:50)
servicio-pagos  | 	at org.springframework.http.client.AbstractClientHttpRequest.execute(AbstractClientHttpRequest.java:80)
servicio-pagos  | 	at org.springframework.web.client.DefaultRestClient$DefaultRequestBodyUriSpec.exchangeInternal(DefaultRestClient.java:614)
servicio-pagos  | 	... 23 more
servicio-pagos  | 
servicio-pagos  | 2026-06-07T11:42:30.369Z  WARN 1 --- [servicio-pagos] [reshExecutor-%d] c.n.d.s.t.d.RetryableEurekaHttpClient    : Request execution failed with message: I/O error on GET request for "http://localhost:8761/eureka/apps/": Connect to http://localhost:8761 failed: Connection refused
servicio-pagos  | 2026-06-07T11:42:30.369Z  WARN 1 --- [servicio-pagos] [beatExecutor-%d] c.n.d.s.t.d.RetryableEurekaHttpClient    : Request execution failed with message: I/O error on PUT request for "http://localhost:8761/eureka/apps/SERVICIO-PAGOS/07e9a31ce37f:servicio-pagos:8085": Connect to http://localhost:8761 failed: Connection refused
servicio-pagos  | 2026-06-07T11:42:30.370Z  INFO 1 --- [servicio-pagos] [reshExecutor-%d] com.netflix.discovery.DiscoveryClient    : DiscoveryClient_SERVICIO-PAGOS/07e9a31ce37f:servicio-pagos:8085 - was unable to refresh its cache! This periodic background refresh will be retried in 30 seconds. status = Cannot execute request on any known server stacktrace = com.netflix.discovery.shared.transport.TransportException: Cannot execute request on any known server
servicio-pagos  | 	at com.netflix.discovery.shared.transport.decorator.RetryableEurekaHttpClient.execute(RetryableEurekaHttpClient.java:112)
servicio-pagos  | 	at com.netflix.discovery.shared.transport.decorator.EurekaHttpClientDecorator.getApplications(EurekaHttpClientDecorator.java:134)
servicio-pagos  | 	at com.netflix.discovery.shared.transport.decorator.EurekaHttpClientDecorator$6.execute(EurekaHttpClientDecorator.java:137)
servicio-pagos  | 	at com.netflix.discovery.shared.transport.decorator.SessionedEurekaHttpClient.execute(SessionedEurekaHttpClient.java:76)
servicio-pagos  | 	at com.netflix.discovery.shared.transport.decorator.EurekaHttpClientDecorator.getApplications(EurekaHttpClientDecorator.java:134)
servicio-pagos  | 	at com.netflix.discovery.DiscoveryClient.getAndStoreFullRegistry(DiscoveryClient.java:1046)
servicio-pagos  | 	at com.netflix.discovery.DiscoveryClient.fetchRegistry(DiscoveryClient.java:961)
servicio-pagos  | 	at com.netflix.discovery.DiscoveryClient.refreshRegistry(DiscoveryClient.java:1474)
servicio-pagos  | 	at com.netflix.discovery.DiscoveryClient$CacheRefreshThread.run(DiscoveryClient.java:1442)
servicio-pagos  | 	at java.base/java.util.concurrent.Executors$RunnableAdapter.call(Executors.java:572)
servicio-pagos  | 	at java.base/java.util.concurrent.FutureTask.run(FutureTask.java:317)
servicio-pagos  | 	at java.base/java.util.concurrent.ThreadPoolExecutor.runWorker(ThreadPoolExecutor.java:1144)
servicio-pagos  | 	at java.base/java.util.concurrent.ThreadPoolExecutor$Worker.run(ThreadPoolExecutor.java:642)
servicio-pagos  | 	at java.base/java.lang.Thread.run(Thread.java:1583)
servicio-pagos  | 
servicio-pagos  | 2026-06-07T11:42:30.369Z ERROR 1 --- [servicio-pagos] [beatExecutor-%d] com.netflix.discovery.DiscoveryClient    : DiscoveryClient_SERVICIO-PAGOS/07e9a31ce37f:servicio-pagos:8085 - was unable to send heartbeat!
servicio-pagos  | 
servicio-pagos  | com.netflix.discovery.shared.transport.TransportException: Cannot execute request on any known server
servicio-pagos  | 	at com.netflix.discovery.shared.transport.decorator.RetryableEurekaHttpClient.execute(RetryableEurekaHttpClient.java:112) ~[eureka-client-2.0.5.jar!/:2.0.5]
servicio-pagos  | 	at com.netflix.discovery.shared.transport.decorator.EurekaHttpClientDecorator.sendHeartBeat(EurekaHttpClientDecorator.java:89) ~[eureka-client-2.0.5.jar!/:2.0.5]
servicio-pagos  | 	at com.netflix.discovery.shared.transport.decorator.EurekaHttpClientDecorator$3.execute(EurekaHttpClientDecorator.java:92) ~[eureka-client-2.0.5.jar!/:2.0.5]
servicio-pagos  | 	at com.netflix.discovery.shared.transport.decorator.SessionedEurekaHttpClient.execute(SessionedEurekaHttpClient.java:76) ~[eureka-client-2.0.5.jar!/:2.0.5]
servicio-pagos  | 	at com.netflix.discovery.shared.transport.decorator.EurekaHttpClientDecorator.sendHeartBeat(EurekaHttpClientDecorator.java:89) ~[eureka-client-2.0.5.jar!/:2.0.5]
servicio-pagos  | 	at com.netflix.discovery.DiscoveryClient.renew(DiscoveryClient.java:845) ~[eureka-client-2.0.5.jar!/:2.0.5]
servicio-pagos  | 	at com.netflix.discovery.DiscoveryClient$HeartbeatThread.run(DiscoveryClient.java:1403) ~[eureka-client-2.0.5.jar!/:2.0.5]
servicio-pagos  | 	at java.base/java.util.concurrent.Executors$RunnableAdapter.call(Executors.java:572) ~[na:na]
servicio-pagos  | 	at java.base/java.util.concurrent.FutureTask.run(FutureTask.java:317) ~[na:na]
servicio-pagos  | 	at java.base/java.util.concurrent.ThreadPoolExecutor.runWorker(ThreadPoolExecutor.java:1144) ~[na:na]
servicio-pagos  | 	at java.base/java.util.concurrent.ThreadPoolExecutor$Worker.run(ThreadPoolExecutor.java:642) ~[na:na]
servicio-pagos  | 	at java.base/java.lang.Thread.run(Thread.java:1583) ~[na:na]
servicio-pagos  | 
servicio-pagos  | 2026-06-07T11:42:30.857Z  INFO 1 --- [servicio-pagos] [foReplicator-%d] com.netflix.discovery.DiscoveryClient    : DiscoveryClient_SERVICIO-PAGOS/07e9a31ce37f:servicio-pagos:8085: registering service...
servicio-pagos  | 2026-06-07T11:42:30.866Z  INFO 1 --- [servicio-pagos] [foReplicator-%d] c.n.d.s.t.d.RedirectingEurekaHttpClient  : Request execution error. endpoint=DefaultEndpoint{ serviceUrl='http://localhost:8761/eureka/}, exception=I/O error on POST request for "http://localhost:8761/eureka/apps/SERVICIO-PAGOS": Connect to http://localhost:8761 failed: Connection refused stacktrace=org.springframework.web.client.ResourceAccessException: I/O error on POST request for "http://localhost:8761/eureka/apps/SERVICIO-PAGOS": Connect to http://localhost:8761 failed: Connection refused
servicio-pagos  | 	at org.springframework.web.client.DefaultRestClient$DefaultRequestBodyUriSpec.createResourceAccessException(DefaultRestClient.java:779)
servicio-pagos  | 	at org.springframework.web.client.DefaultRestClient$DefaultRequestBodyUriSpec.exchangeInternal(DefaultRestClient.java:624)
servicio-pagos  | 	at org.springframework.web.client.DefaultRestClient$DefaultRequestBodyUriSpec.exchange(DefaultRestClient.java:572)
servicio-pagos  | 	at org.springframework.web.client.RestClient$RequestHeadersSpec.exchange(RestClient.java:747)
servicio-pagos  | 	at org.springframework.web.client.DefaultRestClient$DefaultResponseSpec.executeAndExtract(DefaultRestClient.java:924)
servicio-pagos  | 	at org.springframework.web.client.DefaultRestClient$DefaultResponseSpec.toBodilessEntity(DefaultRestClient.java:888)
servicio-pagos  | 	at org.springframework.cloud.netflix.eureka.http.RestClientEurekaHttpClient.register(RestClientEurekaHttpClient.java:64)
servicio-pagos  | 	at com.netflix.discovery.shared.transport.decorator.EurekaHttpClientDecorator$1.execute(EurekaHttpClientDecorator.java:59)
servicio-pagos  | 	at com.netflix.discovery.shared.transport.decorator.RedirectingEurekaHttpClient.executeOnNewServer(RedirectingEurekaHttpClient.java:121)
servicio-pagos  | 	at com.netflix.discovery.shared.transport.decorator.RedirectingEurekaHttpClient.execute(RedirectingEurekaHttpClient.java:80)
servicio-pagos  | 	at com.netflix.discovery.shared.transport.decorator.EurekaHttpClientDecorator.register(EurekaHttpClientDecorator.java:56)
servicio-pagos  | 	at com.netflix.discovery.shared.transport.decorator.EurekaHttpClientDecorator$1.execute(EurekaHttpClientDecorator.java:59)
servicio-pagos  | 	at com.netflix.discovery.shared.transport.decorator.RetryableEurekaHttpClient.execute(RetryableEurekaHttpClient.java:120)
servicio-pagos  | 	at com.netflix.discovery.shared.transport.decorator.EurekaHttpClientDecorator.register(EurekaHttpClientDecorator.java:56)
servicio-pagos  | 	at com.netflix.discovery.shared.transport.decorator.EurekaHttpClientDecorator$1.execute(EurekaHttpClientDecorator.java:59)
servicio-pagos  | 	at com.netflix.discovery.shared.transport.decorator.SessionedEurekaHttpClient.execute(SessionedEurekaHttpClient.java:76)
servicio-pagos  | 	at com.netflix.discovery.shared.transport.decorator.EurekaHttpClientDecorator.register(EurekaHttpClientDecorator.java:56)
servicio-pagos  | 	at com.netflix.discovery.DiscoveryClient.register(DiscoveryClient.java:828)
servicio-pagos  | 	at com.netflix.discovery.InstanceInfoReplicator.run(InstanceInfoReplicator.java:125)
servicio-pagos  | 	at java.base/java.util.concurrent.Executors$RunnableAdapter.call(Executors.java:572)
servicio-pagos  | 	at java.base/java.util.concurrent.FutureTask.run(FutureTask.java:317)
servicio-pagos  | 	at java.base/java.util.concurrent.ScheduledThreadPoolExecutor$ScheduledFutureTask.run(ScheduledThreadPoolExecutor.java:304)
servicio-pagos  | 	at java.base/java.util.concurrent.ThreadPoolExecutor.runWorker(ThreadPoolExecutor.java:1144)
servicio-pagos  | 	at java.base/java.util.concurrent.ThreadPoolExecutor$Worker.run(ThreadPoolExecutor.java:642)
servicio-pagos  | 	at java.base/java.lang.Thread.run(Thread.java:1583)
servicio-pagos  | Caused by: org.apache.hc.client5.http.HttpHostConnectException: Connect to http://localhost:8761 failed: Connection refused
servicio-pagos  | 	at java.base/sun.nio.ch.Net.pollConnect(Native Method)
servicio-pagos  | 	at java.base/sun.nio.ch.Net.pollConnectNow(Net.java:694)
servicio-pagos  | 	at java.base/sun.nio.ch.NioSocketImpl.timedFinishConnect(NioSocketImpl.java:542)
servicio-pagos  | 	at java.base/sun.nio.ch.NioSocketImpl.connect(NioSocketImpl.java:592)
servicio-pagos  | 	at java.base/java.net.SocksSocketImpl.connect(SocksSocketImpl.java:327)
servicio-pagos  | 	at java.base/java.net.Socket.connect(Socket.java:751)
servicio-pagos  | 	at org.apache.hc.client5.http.impl.io.DefaultHttpClientConnectionOperator.connect(DefaultHttpClientConnectionOperator.java:226)
servicio-pagos  | 	at org.apache.hc.client5.http.impl.io.PoolingHttpClientConnectionManager.connect(PoolingHttpClientConnectionManager.java:497)
servicio-pagos  | 	at org.apache.hc.client5.http.impl.classic.InternalExecRuntime.connectEndpoint(InternalExecRuntime.java:164)
servicio-pagos  | 	at org.apache.hc.client5.http.impl.classic.InternalExecRuntime.connectEndpoint(InternalExecRuntime.java:174)
servicio-pagos  | 	at org.apache.hc.client5.http.impl.classic.ConnectExec.execute(ConnectExec.java:144)
servicio-pagos  | 	at org.apache.hc.client5.http.impl.classic.ExecChainElement.execute(ExecChainElement.java:51)
servicio-pagos  | 	at org.apache.hc.client5.http.impl.classic.ProtocolExec.execute(ProtocolExec.java:195)
servicio-pagos  | 	at org.apache.hc.client5.http.impl.classic.ExecChainElement.execute(ExecChainElement.java:51)
servicio-pagos  | 	at org.apache.hc.client5.http.impl.classic.ContentCompressionExec.execute(ContentCompressionExec.java:168)
servicio-pagos  | 	at org.apache.hc.client5.http.impl.classic.ExecChainElement.execute(ExecChainElement.java:51)
servicio-pagos  | 	at org.apache.hc.client5.http.impl.classic.HttpRequestRetryExec.execute(HttpRequestRetryExec.java:112)
servicio-pagos  | 	at org.apache.hc.client5.http.impl.classic.ExecChainElement.execute(ExecChainElement.java:51)
servicio-pagos  | 	at org.apache.hc.client5.http.impl.classic.RedirectExec.execute(RedirectExec.java:110)
servicio-pagos  | 	at org.apache.hc.client5.http.impl.classic.ExecChainElement.execute(ExecChainElement.java:51)
servicio-pagos  | 	at org.apache.hc.client5.http.impl.classic.InternalHttpClient.doExecute(InternalHttpClient.java:185)
servicio-pagos  | 	at org.apache.hc.client5.http.impl.classic.CloseableHttpClient.execute(CloseableHttpClient.java:87)
servicio-pagos  | 	at org.apache.hc.client5.http.impl.classic.CloseableHttpClient.execute(CloseableHttpClient.java:55)
servicio-pagos  | 	at org.apache.hc.client5.http.classic.HttpClient.executeOpen(HttpClient.java:183)
servicio-pagos  | 	at org.springframework.http.client.HttpComponentsClientHttpRequest.executeInternal(HttpComponentsClientHttpRequest.java:99)
servicio-pagos  | 	at org.springframework.http.client.AbstractStreamingClientHttpRequest.executeInternal(AbstractStreamingClientHttpRequest.java:87)
servicio-pagos  | 	at org.springframework.http.client.AbstractClientHttpRequest.execute(AbstractClientHttpRequest.java:80)
servicio-pagos  | 	at org.springframework.http.client.AbstractBufferingClientHttpRequest.executeWithRequestAndBody(AbstractBufferingClientHttpRequest.java:89)
servicio-pagos  | 	at org.springframework.http.client.InterceptingClientHttpRequest$EndOfChainRequestExecution.execute(InterceptingClientHttpRequest.java:102)
servicio-pagos  | 	at org.springframework.cloud.netflix.eureka.http.RestClientTransportClientFactory.lambda$newClient$2(RestClientTransportClientFactory.java:98)
servicio-pagos  | 	at org.springframework.http.client.ClientHttpRequestInterceptor.lambda$apply$0(ClientHttpRequestInterceptor.java:89)
servicio-pagos  | 	at org.springframework.http.client.InterceptingClientHttpRequest.executeInternal(InterceptingClientHttpRequest.java:73)
servicio-pagos  | 	at org.springframework.http.client.AbstractBufferingClientHttpRequest.executeInternal(AbstractBufferingClientHttpRequest.java:50)
servicio-pagos  | 	at org.springframework.http.client.AbstractClientHttpRequest.execute(AbstractClientHttpRequest.java:80)
servicio-pagos  | 	at org.springframework.web.client.DefaultRestClient$DefaultRequestBodyUriSpec.exchangeInternal(DefaultRestClient.java:614)
servicio-pagos  | 	... 23 more
servicio-pagos  | 
servicio-pagos  | 2026-06-07T11:42:30.866Z  WARN 1 --- [servicio-pagos] [foReplicator-%d] c.n.d.s.t.d.RetryableEurekaHttpClient    : Request execution failed with message: I/O error on POST request for "http://localhost:8761/eureka/apps/SERVICIO-PAGOS": Connect to http://localhost:8761 failed: Connection refused
servicio-pagos  | 2026-06-07T11:42:30.866Z  WARN 1 --- [servicio-pagos] [foReplicator-%d] com.netflix.discovery.DiscoveryClient    : DiscoveryClient_SERVICIO-PAGOS/07e9a31ce37f:servicio-pagos:8085 - registration failed Cannot execute request on any known server
servicio-pagos  | 
servicio-pagos  | com.netflix.discovery.shared.transport.TransportException: Cannot execute request on any known server
servicio-pagos  | 	at com.netflix.discovery.shared.transport.decorator.RetryableEurekaHttpClient.execute(RetryableEurekaHttpClient.java:112) ~[eureka-client-2.0.5.jar!/:2.0.5]
servicio-pagos  | 	at com.netflix.discovery.shared.transport.decorator.EurekaHttpClientDecorator.register(EurekaHttpClientDecorator.java:56) ~[eureka-client-2.0.5.jar!/:2.0.5]
servicio-pagos  | 	at com.netflix.discovery.shared.transport.decorator.EurekaHttpClientDecorator$1.execute(EurekaHttpClientDecorator.java:59) ~[eureka-client-2.0.5.jar!/:2.0.5]
servicio-pagos  | 	at com.netflix.discovery.shared.transport.decorator.SessionedEurekaHttpClient.execute(SessionedEurekaHttpClient.java:76) ~[eureka-client-2.0.5.jar!/:2.0.5]
servicio-pagos  | 	at com.netflix.discovery.shared.transport.decorator.EurekaHttpClientDecorator.register(EurekaHttpClientDecorator.java:56) ~[eureka-client-2.0.5.jar!/:2.0.5]
servicio-pagos  | 	at com.netflix.discovery.DiscoveryClient.register(DiscoveryClient.java:828) ~[eureka-client-2.0.5.jar!/:2.0.5]
servicio-pagos  | 	at com.netflix.discovery.InstanceInfoReplicator.run(InstanceInfoReplicator.java:125) ~[eureka-client-2.0.5.jar!/:2.0.5]
servicio-pagos  | 	at java.base/java.util.concurrent.Executors$RunnableAdapter.call(Executors.java:572) ~[na:na]
servicio-pagos  | 	at java.base/java.util.concurrent.FutureTask.run(FutureTask.java:317) ~[na:na]
servicio-pagos  | 	at java.base/java.util.concurrent.ScheduledThreadPoolExecutor$ScheduledFutureTask.run(ScheduledThreadPoolExecutor.java:304) ~[na:na]
servicio-pagos  | 	at java.base/java.util.concurrent.ThreadPoolExecutor.runWorker(ThreadPoolExecutor.java:1144) ~[na:na]
servicio-pagos  | 	at java.base/java.util.concurrent.ThreadPoolExecutor$Worker.run(ThreadPoolExecutor.java:642) ~[na:na]
servicio-pagos  | 	at java.base/java.lang.Thread.run(Thread.java:1583) ~[na:na]
servicio-pagos  | 
servicio-pagos  | 2026-06-07T11:42:30.867Z  WARN 1 --- [servicio-pagos] [foReplicator-%d] c.n.discovery.InstanceInfoReplicator     : There was a problem with the instance info replicator
servicio-pagos  | 
servicio-pagos  | com.netflix.discovery.shared.transport.TransportException: Cannot execute request on any known server
servicio-pagos  | 	at com.netflix.discovery.shared.transport.decorator.RetryableEurekaHttpClient.execute(RetryableEurekaHttpClient.java:112) ~[eureka-client-2.0.5.jar!/:2.0.5]
servicio-pagos  | 	at com.netflix.discovery.shared.transport.decorator.EurekaHttpClientDecorator.register(EurekaHttpClientDecorator.java:56) ~[eureka-client-2.0.5.jar!/:2.0.5]
servicio-pagos  | 	at com.netflix.discovery.shared.transport.decorator.EurekaHttpClientDecorator$1.execute(EurekaHttpClientDecorator.java:59) ~[eureka-client-2.0.5.jar!/:2.0.5]
servicio-pagos  | 	at com.netflix.discovery.shared.transport.decorator.SessionedEurekaHttpClient.execute(SessionedEurekaHttpClient.java:76) ~[eureka-client-2.0.5.jar!/:2.0.5]
servicio-pagos  | 	at com.netflix.discovery.shared.transport.decorator.EurekaHttpClientDecorator.register(EurekaHttpClientDecorator.java:56) ~[eureka-client-2.0.5.jar!/:2.0.5]
servicio-pagos  | 	at com.netflix.discovery.DiscoveryClient.register(DiscoveryClient.java:828) ~[eureka-client-2.0.5.jar!/:2.0.5]
servicio-pagos  | 	at com.netflix.discovery.InstanceInfoReplicator.run(InstanceInfoReplicator.java:125) ~[eureka-client-2.0.5.jar!/:2.0.5]
servicio-pagos  | 	at java.base/java.util.concurrent.Executors$RunnableAdapter.call(Executors.java:572) ~[na:na]
servicio-pagos  | 	at java.base/java.util.concurrent.FutureTask.run(FutureTask.java:317) ~[na:na]
servicio-pagos  | 	at java.base/java.util.concurrent.ScheduledThreadPoolExecutor$ScheduledFutureTask.run(ScheduledThreadPoolExecutor.java:304) ~[na:na]
servicio-pagos  | 	at java.base/java.util.concurrent.ThreadPoolExecutor.runWorker(ThreadPoolExecutor.java:1144) ~[na:na]
servicio-pagos  | 	at java.base/java.util.concurrent.ThreadPoolExecutor$Worker.run(ThreadPoolExecutor.java:642) ~[na:na]
servicio-pagos  | 	at java.base/java.lang.Thread.run(Thread.java:1583) ~[na:na]
servicio-pagos  | 
